dbn,school_name,school_type,enrollment,survey_pp_ri,survey_pp_ct,survey_pp_se,survey_pp_es,survey_pp_sf,survey_pp_tr,qr_1_1,qr_1_2,qr_2_2,qr_3_4,qr_4_2,qr_1_4,qr_1_3,qr_3_1,qr_4_1,qr_5_1,dates_of_review,rating_ela_grade_8_pct_rs,rating_mth_grade_8_pct_rs,gender_female_pct,gender_male_pct,ell,iep,cap_sc_pct,borough,year,total_enrollment,grade_3k_pk_half_day_full,grade_k,grade_1,grade_2,grade_3,grade_4,grade_5,grade_6,grade_7,grade_8,grade_9,grade_10,grade_11,grade_12,female,female_1,male,male_1,asian,asian_1,black,black_1,hispanic,hispanic_1,multi_racial,multi_racial_1,native_american,native_american_1,white,white_1,missing_race_ethnicity_data,missing_race_ethnicity_data_1,students_with_disabilities,students_with_disabilities_1,english_language_learners,english_language_learners_1,poverty,poverty_1,economic_need_index
01M292,Orchard Collegiate Academy,High School,226,0.74,0.8,0.71,0.88,0.86,0.89,Proficient,Proficient,Proficient,Proficient,Proficient,Well Developed,Proficient,Proficient,Well Developed,Proficient,2017-04-01T00:00:00.000,2.78,2.36,0.447,0.553,0.08,0.288,0.004,Manhattan,2016-17,178383.0,8478.0,11480.0,11795.0,11721.0,11446.0,11179.0,10745.0,11026.0,10650.0,10615.0,19240.0,18049.0,15820.0,16139.0,90298.0,0.506,88083.0,0.494,21440.0,0.12,42294.0,0.237,80223.0,0.45,3246.0,0.018,1074.0,0.006,28778.0,0.161,1328.0,0.007,36271.0,0.203,19358.0,0.109,114277.0,0.641,0.598
01M448,University Neighborhood High School,High School,492,0.85,0.91,0.87,0.92,0.92,0.93,Well Developed,Proficient,Well Developed,Well Developed,Well Developed,Well Developed,Well Developed,Proficient,Well Developed,Well Developed,2019-05-01T00:00:00.000,2.97,3.02,0.474,0.526,0.136,0.161,0.002,Manhattan,2018-19,177512.0,8922.0,10988.0,11241.0,11123.0,11168.0,11228.0,10986.0,11320.0,11018.0,10891.0,18459.0,17872.0,16130.0,16166.0,89756.0,0.506,87755.0,0.494,21071.0,0.119,40507.0,0.228,79171.0,0.446,4143.0,0.023,1290.0,0.007,30084.0,0.169,1246.0,0.007,38063.0,0.214,18102.0,0.102,118397.0,0.667,0.665
01M450,East Side Community School,High School,364,,,,1.0,0.97,1.0,Well Developed,Proficient,Well Developed,Well Developed,Well Developed,Well Developed,Well Developed,Proficient,Well Developed,Well Developed,2019-12-01T00:00:00.000,3.03,2.96,0.505,0.495,0.011,0.245,0.0,Manhattan,2019-20,180636.0,11201.0,11015.0,10884.0,11024.0,10964.0,10931.0,11021.0,11162.0,11267.0,11078.0,18339.0,17737.0,15948.0,18065.0,91347.0,0.506,89289.0,0.494,21308.0,0.118,40967.0,0.227,79931.0,0.442,4476.0,0.025,1307.0,0.007,30643.0,0.17,2004.0,0.011,38878.0,0.215,17095.0,0.095,119314.0,0.661,0.679
01M509,Marta Valle High School,High School,97,0.8,0.93,0.81,0.89,0.98,0.99,Developing,Developing,Developing,Proficient,Developing,Proficient,Proficient,Proficient,Proficient,Proficient,2016-12-01T00:00:00.000,2.82,2.2,0.567,0.433,0.082,0.258,0.021,Manhattan,2016-17,178383.0,8478.0,11480.0,11795.0,11721.0,11446.0,11179.0,10745.0,11026.0,10650.0,10615.0,19240.0,18049.0,15820.0,16139.0,90298.0,0.506,88083.0,0.494,21440.0,0.12,42294.0,0.237,80223.0,0.45,3246.0,0.018,1074.0,0.006,28778.0,0.161,1328.0,0.007,36271.0,0.203,19358.0,0.109,114277.0,0.641,0.598
01M539,"New Explorations into Science, Technology and Math",High School,654,0.8,0.79,0.74,0.82,0.92,0.87,Well Developed,Proficient,Proficient,Well Developed,Proficient,Well Developed,Well Developed,Proficient,Proficient,Well Developed,2017-04-01T00:00:00.000,3.67,3.89,0.502,0.498,0.003,0.145,0.002,Manhattan,2016-17,178383.0,8478.0,11480.0,11795.0,11721.0,11446.0,11179.0,10745.0,11026.0,10650.0,10615.0,19240.0,18049.0,15820.0,16139.0,90298.0,0.506,88083.0,0.494,21440.0,0.12,42294.0,0.237,80223.0,0.45,3246.0,0.018,1074.0,0.006,28778.0,0.161,1328.0,0.007,36271.0,0.203,19358.0,0.109,114277.0,0.641,0.598
01M696,Bard High School Early College,High School,613,0.86,0.87,0.81,0.92,0.87,0.92,Well Developed,Well Developed,Proficient,Well Developed,Proficient,Well Developed,Well Developed,Proficient,Developing,Proficient,2018-11-01T00:00:00.000,3.85,4.09,0.571,0.429,0.0,0.106,0.0,Manhattan,2018-19,177512.0,8922.0,10988.0,11241.0,11123.0,11168.0,11228.0,10986.0,11320.0,11018.0,10891.0,18459.0,17872.0,16130.0,16166.0,89756.0,0.506,87755.0,0.494,21071.0,0.119,40507.0,0.228,79171.0,0.446,4143.0,0.023,1290.0,0.007,30084.0,0.169,1246.0,0.007,38063.0,0.214,18102.0,0.102,118397.0,0.667,0.665
02M047,47 The American Sign Language and English Secondar,High School,232,0.65,0.59,0.66,0.64,0.83,0.75,Well Developed,Proficient,Proficient,Well Developed,Well Developed,No Data,No Data,No Data,No Data,No Data,2015-02-12T00:00:00.000,2.9,2.67,0.711,0.289,0.047,0.246,0.004,Manhattan,2014-15,,,,,,,,,,,,,,,,,,,,,,,,,,,,,,,,,,,,,,,,
02M135,The Urban Assembly School for Emergency Management,High School,256,0.77,0.8,0.65,0.71,0.87,0.75,Well Developed,Proficient,Proficient,Proficient,Proficient,Proficient,Proficient,Proficient,Proficient,Proficient,2016-10-01T00:00:00.000,2.86,2.48,0.52,0.48,0.043,0.215,0.004,Manhattan,2016-17,178383.0,8478.0,11480.0,11795.0,11721.0,11446.0,11179.0,10745.0,11026.0,10650.0,10615.0,19240.0,18049.0,15820.0,16139.0,90298.0,0.506,88083.0,0.494,21440.0,0.12,42294.0,0.237,80223.0,0.45,3246.0,0.018,1074.0,0.006,28778.0,0.161,1328.0,0.007,36271.0,0.203,19358.0,0.109,114277.0,0.641,0.598
02M139,Stephen T. Mather Building Arts & Craftsmanship Hi,High School,416,0.68,0.75,0.69,0.77,0.88,0.84,Proficient,Proficient,Proficient,Well Developed,Proficient,Well Developed,Well Developed,Well Developed,Well Developed,Well Developed,2018-11-01T00:00:00.000,2.71,2.57,0.373,0.627,0.053,0.26,0.0,Manhattan,2018-19,177512.0,8922.0,10988.0,11241.0,11123.0,11168.0,11228.0,10986.0,11320.0,11018.0,10891.0,18459.0,17872.0,16130.0,16166.0,89756.0,0.506,87755.0,0.494,21071.0,0.119,40507.0,0.228,79171.0,0.446,4143.0,0.023,1290.0,0.007,30084.0,0.169,1246.0,0.007,38063.0,0.214,18102.0,0.102,118397.0,0.667,0.665
02M260,The Clinton School,High School,486,,,,0.83,0.83,0.87,Well Developed,Well Developed,Proficient,Well Developed,Proficient,Well Developed,Well Developed,Proficient,Proficient,Proficient,2018-12-01T00:00:00.000,3.69,3.62,0.673,0.327,0.0,0.183,0.002,Manhattan,2018-19,177512.0,8922.0,10988.0,11241.0,11123.0,11168.0,11228.0,10986.0,11320.0,11018.0,10891.0,18459.0,17872.0,16130.0,16166.0,89756.0,0.506,87755.0,0.494,21071.0,0.119,40507.0,0.228,79171.0,0.446,4143.0,0.023,1290.0,0.007,30084.0,0.169,1246.0,0.007,38063.0,0.214,18102.0,0.102,118397.0,0.667,0.665
02M280,Manhattan Early College School for Advertising,High School,445,,,,,,,Proficient,Proficient,Proficient,Well Developed,Well Developed,Well Developed,Proficient,Proficient,Well Developed,Proficient,2018-10-01T00:00:00.000,2.95,2.76,0.524,0.476,0.047,0.157,0.002,Manhattan,2018-19,177512.0,8922.0,10988.0,11241.0,11123.0,11168.0,11228.0,10986.0,11320.0,11018.0,10891.0,18459.0,17872.0,16130.0,16166.0,89756.0,0.506,87755.0,0.494,21071.0,0.119,40507.0,0.228,79171.0,0.446,4143.0,0.023,1290.0,0.007,30084.0,0.169,1246.0,0.007,38063.0,0.214,18102.0,0.102,118397.0,0.667,0.665
02M282,Urban Assembly Maker Academy,High School,435,0.77,0.89,0.76,0.94,0.89,0.93,Proficient,Developing,Proficient,Proficient,Proficient,Proficient,Proficient,Proficient,Proficient,Proficient,2016-11-01T00:00:00.000,2.94,2.74,0.326,0.674,0.051,0.202,0.0,Manhattan,2016-17,178383.0,8478.0,11480.0,11795.0,11721.0,11446.0,11179.0,10745.0,11026.0,10650.0,10615.0,19240.0,18049.0,15820.0,16139.0,90298.0,0.506,88083.0,0.494,21440.0,0.12,42294.0,0.237,80223.0,0.45,3246.0,0.018,1074.0,0.006,28778.0,0.161,1328.0,0.007,36271.0,0.203,19358.0,0.109,114277.0,0.641,0.598
02M288,Food and Finance High School,High School,379,0.77,0.73,0.66,0.61,0.75,0.69,Proficient,Proficient,Developing,Proficient,Developing,Proficient,Proficient,Proficient,Proficient,Developing,2017-05-01T00:00:00.000,2.83,2.63,0.594,0.406,0.037,0.214,0.0,Manhattan,2016-17,178383.0,8478.0,11480.0,11795.0,11721.0,11446.0,11179.0,10745.0,11026.0,10650.0,10615.0,19240.0,18049.0,15820.0,16139.0,90298.0,0.506,88083.0,0.494,21440.0,0.12,42294.0,0.237,80223.0,0.45,3246.0,0.018,1074.0,0.006,28778.0,0.161,1328.0,0.007,36271.0,0.203,19358.0,0.109,114277.0,0.641,0.598
02M294,Essex Street Academy,High School,338,,,,1.0,0.97,0.99,Well Developed,Proficient,Well Developed,Well Developed,Well Developed,Well Developed,Well Developed,Well Developed,Well Developed,Well Developed,2019-11-01T00:00:00.000,3.0,2.72,0.577,0.423,0.033,0.257,0.0,Manhattan,2019-20,180636.0,11201.0,11015.0,10884.0,11024.0,10964.0,10931.0,11021.0,11162.0,11267.0,11078.0,18339.0,17737.0,15948.0,18065.0,91347.0,0.506,89289.0,0.494,21308.0,0.118,40967.0,0.227,79931.0,0.442,4476.0,0.025,1307.0,0.007,30643.0,0.17,2004.0,0.011,38878.0,0.215,17095.0,0.095,119314.0,0.661,0.679
02M296,High School of Hospitality Management,High School,337,,,,0.95,0.8,0.96,Developing,Developing,Developing,Proficient,Proficient,Proficient,Proficient,Developing,Developing,Developing,2019-02-01T00:00:00.000,2.64,2.35,0.632,0.368,0.077,0.258,0.006,Manhattan,2018-19,177512.0,8922.0,10988.0,11241.0,11123.0,11168.0,11228.0,10986.0,11320.0,11018.0,10891.0,18459.0,17872.0,16130.0,16166.0,89756.0,0.506,87755.0,0.494,21071.0,0.119,40507.0,0.228,79171.0,0.446,4143.0,0.023,1290.0,0.007,30084.0,0.169,1246.0,0.007,38063.0,0.214,18102.0,0.102,118397.0,0.667,0.665
02M298,Pace High School,High School,549,,,,0.86,0.8,0.91,Well Developed,Proficient,Proficient,Well Developed,Well Developed,Well Developed,Proficient,Proficient,Proficient,Proficient,2018-10-01T00:00:00.000,2.96,2.76,0.552,0.448,0.031,0.184,0.016,Manhattan,2018-19,177512.0,8922.0,10988.0,11241.0,11123.0,11168.0,11228.0,10986.0,11320.0,11018.0,10891.0,18459.0,17872.0,16130.0,16166.0,89756.0,0.506,87755.0,0.494,21071.0,0.119,40507.0,0.228,79171.0,0.446,4143.0,0.023,1290.0,0.007,30084.0,0.169,1246.0,0.007,38063.0,0.214,18102.0,0.102,118397.0,0.667,0.665
02M300,"Urban Assembly School of Design and Construction,",High School,263,0.82,0.76,0.75,0.86,0.8,0.9,Proficient,Developing,Developing,Proficient,Proficient,Proficient,Proficient,Developing,Proficient,Proficient,2019-04-01T00:00:00.000,2.62,2.55,0.342,0.658,0.076,0.289,0.004,Manhattan,2018-19,177512.0,8922.0,10988.0,11241.0,11123.0,11168.0,11228.0,10986.0,11320.0,11018.0,10891.0,18459.0,17872.0,16130.0,16166.0,89756.0,0.506,87755.0,0.494,21071.0,0.119,40507.0,0.228,79171.0,0.446,4143.0,0.023,1290.0,0.007,30084.0,0.169,1246.0,0.007,38063.0,0.214,18102.0,0.102,118397.0,0.667,0.665
02M303,"Facing History School, The",High School,350,0.78,0.91,0.84,0.94,0.93,0.98,Well Developed,Proficient,Proficient,Well Developed,Well Developed,Proficient,Well Developed,Proficient,Well Developed,Proficient,2019-11-01T00:00:00.000,2.65,2.38,0.477,0.523,0.094,0.246,0.0,Manhattan,2019-20,180636.0,11201.0,11015.0,10884.0,11024.0,10964.0,10931.0,11021.0,11162.0,11267.0,11078.0,18339.0,17737.0,15948.0,18065.0,91347.0,0.506,89289.0,0.494,21308.0,0.118,40967.0,0.227,79931.0,0.442,4476.0,0.025,1307.0,0.007,30643.0,0.17,2004.0,0.011,38878.0,0.215,17095.0,0.095,119314.0,0.661,0.679
02M305,"Urban Assembly Academy of Government and Law, The",High School,322,0.75,0.85,0.64,0.88,0.85,0.86,Proficient,Proficient,Proficient,Well Developed,Proficient,Well Developed,Well Developed,Well Developed,Well Developed,Proficient,2017-01-01T00:00:00.000,2.89,2.6,0.559,0.441,0.034,0.227,0.0,Manhattan,2016-17,178383.0,8478.0,11480.0,11795.0,11721.0,11446.0,11179.0,10745.0,11026.0,10650.0,10615.0,19240.0,18049.0,15820.0,16139.0,90298.0,0.506,88083.0,0.494,21440.0,0.12,42294.0,0.237,80223.0,0.45,3246.0,0.018,1074.0,0.006,28778.0,0.161,1328.0,0.007,36271.0,0.203,19358.0,0.109,114277.0,0.641,0.598
02M308,Lower Manhattan Arts Academy,High School,314,0.6,0.48,0.51,0.54,0.72,0.71,Well Developed,Proficient,Proficient,Well Developed,Well Developed,Well Developed,Well Developed,Proficient,Well Developed,Proficient,2018-03-01T00:00:00.000,2.7,2.28,0.653,0.347,0.054,0.347,0.013,Manhattan,2017-18,177752.0,8365.0,11237.0,11538.0,11454.0,11533.0,11173.0,11146.0,11043.0,10819.0,10725.0,18559.0,18309.0,15732.0,16119.0,89999.0,0.506,87728.0,0.494,21188.0,0.119,41303.0,0.232,79621.0,0.448,3721.0,0.021,1116.0,0.006,29544.0,0.166,1259.0,0.007,37135.0,0.209,19089.0,0.107,120957.0,0.68,0.673
02M316,"Urban Assembly School of Business for Young Women,",High School,178,,,,,,,Proficient,Developing,Developing,Proficient,Developing,Proficient,Proficient,Proficient,Proficient,Proficient,2017-01-01T00:00:00.000,2.87,2.53,1.0,0.0,0.09,0.146,0.0,Manhattan,2016-17,178383.0,8478.0,11480.0,11795.0,11721.0,11446.0,11179.0,10745.0,11026.0,10650.0,10615.0,19240.0,18049.0,15820.0,16139.0,90298.0,0.506,88083.0,0.494,21440.0,0.12,42294.0,0.237,80223.0,0.45,3246.0,0.018,1074.0,0.006,28778.0,0.161,1328.0,0.007,36271.0,0.203,19358.0,0.109,114277.0,0.641,0.598
02M374,Gramercy Arts High School,High School,449,0.74,0.68,0.63,0.74,0.8,0.84,Proficient,Developing,Proficient,Proficient,Proficient,Well Developed,Proficient,Proficient,Proficient,Proficient,2017-01-01T00:00:00.000,3.06,2.74,0.682,0.318,0.018,0.18,0.007,Manhattan,2016-17,178383.0,8478.0,11480.0,11795.0,11721.0,11446.0,11179.0,10745.0,11026.0,10650.0,10615.0,19240.0,18049.0,15820.0,16139.0,90298.0,0.506,88083.0,0.494,21440.0,0.12,42294.0,0.237,80223.0,0.45,3246.0,0.018,1074.0,0.006,28778.0,0.161,1328.0,0.007,36271.0,0.203,19358.0,0.109,114277.0,0.641,0.598
02M376,NYC iSchool,High School,465,0.84,0.89,0.85,0.93,0.88,0.95,Well Developed,Proficient,Well Developed,Well Developed,Well Developed,No Data,No Data,No Data,No Data,No Data,2016-02-05T00:00:00.000,3.69,3.71,0.574,0.426,0.011,0.194,0.006,Manhattan,2015-16,,,,,,,,,,,,,,,,,,,,,,,,,,,,,,,,,,,,,,,,
02M392,Manhattan Business Academy,High School,406,,,,,,,Well Developed,Well Developed,Well Developed,Well Developed,Well Developed,No Data,No Data,No Data,No Data,No Data,2015-03-03T00:00:00.000,2.86,2.62,0.446,0.554,0.062,0.197,0.005,Manhattan,2014-15,,,,,,,,,,,,,,,,,,,,,,,,,,,,,,,,,,,,,,,,
02M393,Business Of Sports School,High School,428,0.65,0.88,0.66,0.93,0.89,0.89,Proficient,Proficient,Proficient,Proficient,Proficient,Proficient,Proficient,Proficient,Proficient,Proficient,2017-10-01T00:00:00.000,2.59,2.33,0.322,0.678,0.068,0.262,0.0,Manhattan,2017-18,177752.0,8365.0,11237.0,11538.0,11454.0,11533.0,11173.0,11146.0,11043.0,10819.0,10725.0,18559.0,18309.0,15732.0,16119.0,89999.0,0.506,87728.0,0.494,21188.0,0.119,41303.0,0.232,79621.0,0.448,3721.0,0.021,1116.0,0.006,29544.0,0.166,1259.0,0.007,37135.0,0.209,19089.0,0.107,120957.0,0.68,0.673
02M399,The High School For Language And Diplomacy,High School,274,0.65,0.54,0.6,0.44,0.65,0.61,Proficient,Developing,Developing,Proficient,Proficient,Proficient,Proficient,Proficient,Proficient,Proficient,2018-05-01T00:00:00.000,2.81,2.63,0.518,0.482,0.102,0.186,0.011,Manhattan,2017-18,177752.0,8365.0,11237.0,11538.0,11454.0,11533.0,11173.0,11146.0,11043.0,10819.0,10725.0,18559.0,18309.0,15732.0,16119.0,89999.0,0.506,87728.0,0.494,21188.0,0.119,41303.0,0.232,79621.0,0.448,3721.0,0.021,1116.0,0.006,29544.0,0.166,1259.0,0.007,37135.0,0.209,19089.0,0.107,120957.0,0.68,0.673
02M400,High School for Environmental Studies,High School,1133,0.8,0.82,0.73,0.78,0.84,0.86,Well Developed,Proficient,Proficient,Proficient,Proficient,Well Developed,Well Developed,Well Developed,Well Developed,Well Developed,2018-01-01T00:00:00.000,2.99,2.93,0.516,0.484,0.066,0.177,0.017,Manhattan,2017-18,177752.0,8365.0,11237.0,11538.0,11454.0,11533.0,11173.0,11146.0,11043.0,10819.0,10725.0,18559.0,18309.0,15732.0,16119.0,89999.0,0.506,87728.0,0.494,21188.0,0.119,41303.0,0.232,79621.0,0.448,3721.0,0.021,1116.0,0.006,29544.0,0.166,1259.0,0.007,37135.0,0.209,19089.0,0.107,120957.0,0.68,0.673
02M407,Institute for Collaborative Education,High School,278,,,,0.97,0.95,0.96,Well Developed,Proficient,Well Developed,Well Developed,Well Developed,Well Developed,Well Developed,Well Developed,Well Developed,Well Developed,2020-01-01T00:00:00.000,2.71,2.78,0.453,0.547,0.0,0.212,0.0,Manhattan,2019-20,180636.0,11201.0,11015.0,10884.0,11024.0,10964.0,10931.0,11021.0,11162.0,11267.0,11078.0,18339.0,17737.0,15948.0,18065.0,91347.0,0.506,89289.0,0.494,21308.0,0.118,40967.0,0.227,79931.0,0.442,4476.0,0.025,1307.0,0.007,30643.0,0.17,2004.0,0.011,38878.0,0.215,17095.0,0.095,119314.0,0.661,0.679
02M408,Professional Performing Arts High School,High School,460,0.78,0.96,0.78,0.94,0.88,0.92,Proficient,Proficient,Proficient,Well Developed,Proficient,Well Developed,Well Developed,Proficient,Well Developed,Proficient,2018-03-01T00:00:00.000,3.47,3.41,0.737,0.263,0.002,0.163,0.0,Manhattan,2017-18,177752.0,8365.0,11237.0,11538.0,11454.0,11533.0,11173.0,11146.0,11043.0,10819.0,10725.0,18559.0,18309.0,15732.0,16119.0,89999.0,0.506,87728.0,0.494,21188.0,0.119,41303.0,0.232,79621.0,0.448,3721.0,0.021,1116.0,0.006,29544.0,0.166,1259.0,0.007,37135.0,0.209,19089.0,0.107,120957.0,0.68,0.673
02M411,Baruch College Campus High School,High School,487,0.72,0.9,0.78,1.0,0.87,0.91,Proficient,Proficient,Proficient,Well Developed,Proficient,Well Developed,Proficient,Proficient,Well Developed,Proficient,2017-11-01T00:00:00.000,3.73,3.9,0.606,0.394,0.008,0.148,0.0,Manhattan,2017-18,177752.0,8365.0,11237.0,11538.0,11454.0,11533.0,11173.0,11146.0,11043.0,10819.0,10725.0,18559.0,18309.0,15732.0,16119.0,89999.0,0.506,87728.0,0.494,21188.0,0.119,41303.0,0.232,79621.0,0.448,3721.0,0.021,1116.0,0.006,29544.0,0.166,1259.0,0.007,37135.0,0.209,19089.0,0.107,120957.0,0.68,0.673
02M412,N.Y.C. Lab School for Collaborative Studies,High School,514,0.86,0.89,0.83,0.95,0.93,0.95,Well Developed,Well Developed,Proficient,Well Developed,Well Developed,No Data,No Data,No Data,No Data,No Data,2015-01-07T00:00:00.000,3.73,3.88,0.477,0.523,0.004,0.195,0.0,Manhattan,2014-15,,,,,,,,,,,,,,,,,,,,,,,,,,,,,,,,,,,,,,,,
02M413,School of the Future High School,High School,434,0.78,0.88,0.76,0.86,0.89,0.86,Well Developed,Proficient,Well Developed,Well Developed,Proficient,Well Developed,Proficient,Proficient,Proficient,Proficient,2019-02-01T00:00:00.000,3.31,3.31,0.498,0.502,0.0,0.212,0.002,Manhattan,2018-19,177512.0,8922.0,10988.0,11241.0,11123.0,11168.0,11228.0,10986.0,11320.0,11018.0,10891.0,18459.0,17872.0,16130.0,16166.0,89756.0,0.506,87755.0,0.494,21071.0,0.119,40507.0,0.228,79171.0,0.446,4143.0,0.023,1290.0,0.007,30084.0,0.169,1246.0,0.007,38063.0,0.214,18102.0,0.102,118397.0,0.667,0.665
02M414,N.Y.C. Museum School,High School,454,0.76,0.63,0.77,0.57,0.81,0.73,Proficient,Well Developed,Proficient,Well Developed,Proficient,Proficient,Proficient,Proficient,Proficient,Proficient,2016-12-01T00:00:00.000,3.6,3.65,0.515,0.485,0.002,0.211,0.004,Manhattan,2016-17,178383.0,8478.0,11480.0,11795.0,11721.0,11446.0,11179.0,10745.0,11026.0,10650.0,10615.0,19240.0,18049.0,15820.0,16139.0,90298.0,0.506,88083.0,0.494,21440.0,0.12,42294.0,0.237,80223.0,0.45,3246.0,0.018,1074.0,0.006,28778.0,0.161,1328.0,0.007,36271.0,0.203,19358.0,0.109,114277.0,0.641,0.598
02M416,Eleanor Roosevelt High School,High School,541,0.87,0.86,0.87,0.89,0.87,0.9,Well Developed,Well Developed,Proficient,Well Developed,Proficient,Well Developed,Well Developed,Proficient,Well Developed,Proficient,2017-04-01T00:00:00.000,4.0,4.18,0.59,0.41,0.0,0.155,0.0,Manhattan,2016-17,178383.0,8478.0,11480.0,11795.0,11721.0,11446.0,11179.0,10745.0,11026.0,10650.0,10615.0,19240.0,18049.0,15820.0,16139.0,90298.0,0.506,88083.0,0.494,21440.0,0.12,42294.0,0.237,80223.0,0.45,3246.0,0.018,1074.0,0.006,28778.0,0.161,1328.0,0.007,36271.0,0.203,19358.0,0.109,114277.0,0.641,0.598
02M418,Millennium High School,High School,674,0.84,0.86,0.83,0.85,0.76,0.88,Proficient,Developing,Developing,Well Developed,Proficient,Well Developed,Proficient,Proficient,Proficient,Proficient,2017-03-01T00:00:00.000,3.79,3.97,0.577,0.423,0.001,0.135,0.0,Manhattan,2016-17,178383.0,8478.0,11480.0,11795.0,11721.0,11446.0,11179.0,10745.0,11026.0,10650.0,10615.0,19240.0,18049.0,15820.0,16139.0,90298.0,0.506,88083.0,0.494,21440.0,0.12,42294.0,0.237,80223.0,0.45,3246.0,0.018,1074.0,0.006,28778.0,0.161,1328.0,0.007,36271.0,0.203,19358.0,0.109,114277.0,0.641,0.598
02M419,Landmark High School,High School,335,,,,,,,Proficient,Proficient,Proficient,Proficient,Proficient,Well Developed,Proficient,Well Developed,Well Developed,Well Developed,2017-12-01T00:00:00.000,2.68,2.36,0.543,0.457,0.057,0.215,0.0,Manhattan,2017-18,177752.0,8365.0,11237.0,11538.0,11454.0,11533.0,11173.0,11146.0,11043.0,10819.0,10725.0,18559.0,18309.0,15732.0,16119.0,89999.0,0.506,87728.0,0.494,21188.0,0.119,41303.0,0.232,79621.0,0.448,3721.0,0.021,1116.0,0.006,29544.0,0.166,1259.0,0.007,37135.0,0.209,19089.0,0.107,120957.0,0.68,0.673
02M420,High School for Health Professions and Human Servi,High School,1822,0.79,0.82,0.74,0.8,0.8,0.85,Proficient,Proficient,Proficient,Proficient,Proficient,Well Developed,Proficient,Proficient,Proficient,Proficient,2019-04-01T00:00:00.000,3.18,3.22,0.72,0.28,0.041,0.128,0.003,Manhattan,2018-19,177512.0,8922.0,10988.0,11241.0,11123.0,11168.0,11228.0,10986.0,11320.0,11018.0,10891.0,18459.0,17872.0,16130.0,16166.0,89756.0,0.506,87755.0,0.494,21071.0,0.119,40507.0,0.228,79171.0,0.446,4143.0,0.023,1290.0,0.007,30084.0,0.169,1246.0,0.007,38063.0,0.214,18102.0,0.102,118397.0,0.667,0.665
02M422,Quest to Learn,High School,383,0.94,0.94,0.93,0.91,0.92,0.91,Proficient,Proficient,Developing,Well Developed,Proficient,Proficient,Proficient,Proficient,Proficient,Developing,2017-03-01T00:00:00.000,2.86,2.62,0.384,0.616,0.031,0.277,0.005,Manhattan,2016-17,178383.0,8478.0,11480.0,11795.0,11721.0,11446.0,11179.0,10745.0,11026.0,10650.0,10615.0,19240.0,18049.0,15820.0,16139.0,90298.0,0.506,88083.0,0.494,21440.0,0.12,42294.0,0.237,80223.0,0.45,3246.0,0.018,1074.0,0.006,28778.0,0.161,1328.0,0.007,36271.0,0.203,19358.0,0.109,114277.0,0.641,0.598
02M425,Leadership and Public Service High School,High School,361,0.7,0.93,0.8,0.9,0.81,0.92,Developing,Developing,Developing,Proficient,Proficient,Well Developed,Proficient,Proficient,Proficient,Developing,2017-01-01T00:00:00.000,2.85,2.62,0.562,0.438,0.039,0.219,0.003,Manhattan,2016-17,178383.0,8478.0,11480.0,11795.0,11721.0,11446.0,11179.0,10745.0,11026.0,10650.0,10615.0,19240.0,18049.0,15820.0,16139.0,90298.0,0.506,88083.0,0.494,21440.0,0.12,42294.0,0.237,80223.0,0.45,3246.0,0.018,1074.0,0.006,28778.0,0.161,1328.0,0.007,36271.0,0.203,19358.0,0.109,114277.0,0.641,0.598
02M427,Manhattan Academy For Arts & Language,High School,210,0.97,1.0,1.0,1.0,1.0,1.0,Well Developed,Proficient,Well Developed,Well Developed,Well Developed,Well Developed,Well Developed,Well Developed,Proficient,Well Developed,2020-03-01T00:00:00.000,1.99,1.97,0.495,0.505,0.6,0.095,0.01,Manhattan,2019-20,180636.0,11201.0,11015.0,10884.0,11024.0,10964.0,10931.0,11021.0,11162.0,11267.0,11078.0,18339.0,17737.0,15948.0,18065.0,91347.0,0.506,89289.0,0.494,21308.0,0.118,40967.0,0.227,79931.0,0.442,4476.0,0.025,1307.0,0.007,30643.0,0.17,2004.0,0.011,38878.0,0.215,17095.0,0.095,119314.0,0.661,0.679
02M432,Murray Hill Academy,High School,263,0.86,0.92,0.84,0.87,0.9,0.92,Well Developed,Well Developed,Well Developed,Well Developed,Well Developed,Well Developed,Well Developed,Well Developed,Well Developed,Well Developed,2018-02-01T00:00:00.000,2.7,2.45,0.494,0.506,0.019,0.259,0.004,Manhattan,2017-18,177752.0,8365.0,11237.0,11538.0,11454.0,11533.0,11173.0,11146.0,11043.0,10819.0,10725.0,18559.0,18309.0,15732.0,16119.0,89999.0,0.506,87728.0,0.494,21188.0,0.119,41303.0,0.232,79621.0,0.448,3721.0,0.021,1116.0,0.006,29544.0,0.166,1259.0,0.007,37135.0,0.209,19089.0,0.107,120957.0,0.68,0.673
02M437,Hudson High School of Learning Technologies,High School,458,0.61,0.51,0.62,0.45,0.69,0.61,Proficient,Developing,Proficient,Proficient,Proficient,Proficient,Proficient,Proficient,Proficient,Proficient,2017-11-01T00:00:00.000,2.73,2.5,0.314,0.686,0.083,0.266,0.017,Manhattan,2017-18,177752.0,8365.0,11237.0,11538.0,11454.0,11533.0,11173.0,11146.0,11043.0,10819.0,10725.0,18559.0,18309.0,15732.0,16119.0,89999.0,0.506,87728.0,0.494,21188.0,0.119,41303.0,0.232,79621.0,0.448,3721.0,0.021,1116.0,0.006,29544.0,0.166,1259.0,0.007,37135.0,0.209,19089.0,0.107,120957.0,0.68,0.673
02M438,International High School at Union Square,High School,351,0.84,0.95,0.85,0.94,0.92,0.96,Proficient,Proficient,Proficient,Proficient,Proficient,Proficient,Proficient,Proficient,Proficient,Proficient,2016-12-01T00:00:00.000,1.89,2.16,0.373,0.627,0.718,0.043,0.0,Manhattan,2016-17,178383.0,8478.0,11480.0,11795.0,11721.0,11446.0,11179.0,10745.0,11026.0,10650.0,10615.0,19240.0,18049.0,15820.0,16139.0,90298.0,0.506,88083.0,0.494,21440.0,0.12,42294.0,0.237,80223.0,0.45,3246.0,0.018,1074.0,0.006,28778.0,0.161,1328.0,0.007,36271.0,0.203,19358.0,0.109,114277.0,0.641,0.598
02M439,Manhattan Village Academy,High School,460,0.83,0.84,0.79,0.9,0.89,0.91,Well Developed,Well Developed,Well Developed,Well Developed,Well Developed,No Data,No Data,No Data,No Data,No Data,2014-12-09T00:00:00.000,3.35,3.37,0.607,0.393,0.017,0.146,0.0,Manhattan,2014-15,,,,,,,,,,,,,,,,,,,,,,,,,,,,,,,,,,,,,,,,
02M449,Vanguard High School,High School,424,,,,,,,Proficient,Proficient,Proficient,Proficient,Proficient,Well Developed,Proficient,Proficient,Proficient,Proficient,2019-03-01T00:00:00.000,2.73,2.43,0.488,0.512,0.024,0.241,0.002,Manhattan,2018-19,177512.0,8922.0,10988.0,11241.0,11123.0,11168.0,11228.0,10986.0,11320.0,11018.0,10891.0,18459.0,17872.0,16130.0,16166.0,89756.0,0.506,87755.0,0.494,21071.0,0.119,40507.0,0.228,79171.0,0.446,4143.0,0.023,1290.0,0.007,30084.0,0.169,1246.0,0.007,38063.0,0.214,18102.0,0.102,118397.0,0.667,0.665
02M459,Manhattan International High School,High School,301,0.85,0.95,0.8,0.97,0.91,0.94,Well Developed,Proficient,Well Developed,Well Developed,Well Developed,Well Developed,Well Developed,Well Developed,Proficient,Well Developed,2019-11-01T00:00:00.000,1.9,2.2,0.482,0.518,0.664,0.023,0.003,Manhattan,2019-20,180636.0,11201.0,11015.0,10884.0,11024.0,10964.0,10931.0,11021.0,11162.0,11267.0,11078.0,18339.0,17737.0,15948.0,18065.0,91347.0,0.506,89289.0,0.494,21308.0,0.118,40967.0,0.227,79931.0,0.442,4476.0,0.025,1307.0,0.007,30643.0,0.17,2004.0,0.011,38878.0,0.215,17095.0,0.095,119314.0,0.661,0.679
02M475,Stuyvesant High School,High School,3381,0.84,0.84,0.84,0.9,0.86,0.91,Well Developed,Proficient,Proficient,Well Developed,Proficient,Well Developed,Well Developed,Proficient,Proficient,Proficient,2019-01-01T00:00:00.000,4.18,4.39,0.431,0.569,0.0,0.004,0.0,Manhattan,2018-19,177512.0,8922.0,10988.0,11241.0,11123.0,11168.0,11228.0,10986.0,11320.0,11018.0,10891.0,18459.0,17872.0,16130.0,16166.0,89756.0,0.506,87755.0,0.494,21071.0,0.119,40507.0,0.228,79171.0,0.446,4143.0,0.023,1290.0,0.007,30084.0,0.169,1246.0,0.007,38063.0,0.214,18102.0,0.102,118397.0,0.667,0.665
02M489,High School of Economics and Finance,High School,738,0.78,0.8,0.7,0.76,0.77,0.76,Well Developed,Proficient,Proficient,Well Developed,Proficient,Well Developed,Well Developed,Well Developed,Well Developed,Proficient,2019-05-01T00:00:00.000,2.9,2.89,0.457,0.543,0.045,0.179,0.001,Manhattan,2018-19,177512.0,8922.0,10988.0,11241.0,11123.0,11168.0,11228.0,10986.0,11320.0,11018.0,10891.0,18459.0,17872.0,16130.0,16166.0,89756.0,0.506,87755.0,0.494,21071.0,0.119,40507.0,0.228,79171.0,0.446,4143.0,0.023,1290.0,0.007,30084.0,0.169,1246.0,0.007,38063.0,0.214,18102.0,0.102,118397.0,0.667,0.665
02M500,Unity Center for Urban Technologies,High School,267,0.76,0.99,0.81,,,0.89,Proficient,Proficient,Proficient,Proficient,Well Developed,Proficient,Well Developed,Well Developed,Proficient,Proficient,2016-12-01T00:00:00.000,2.76,2.57,0.307,0.693,0.06,0.202,0.004,Manhattan,2016-17,178383.0,8478.0,11480.0,11795.0,11721.0,11446.0,11179.0,10745.0,11026.0,10650.0,10615.0,19240.0,18049.0,15820.0,16139.0,90298.0,0.506,88083.0,0.494,21440.0,0.12,42294.0,0.237,80223.0,0.45,3246.0,0.018,1074.0,0.006,28778.0,0.161,1328.0,0.007,36271.0,0.203,19358.0,0.109,114277.0,0.641,0.598
02M507,Urban Assembly Gateway School for Technology,High School,453,,,,,,,Well Developed,Proficient,Well Developed,Well Developed,Well Developed,No Data,No Data,No Data,No Data,No Data,2016-05-18T00:00:00.000,2.99,2.92,0.212,0.788,0.038,0.227,0.0,Manhattan,2015-16,,,,,,,,,,,,,,,,,,,,,,,,,,,,,,,,,,,,,,,,
02M519,Talent Unlimited High School,High School,532,0.84,0.88,0.75,0.91,0.92,0.97,Proficient,Proficient,Proficient,Proficient,Proficient,Proficient,Proficient,Proficient,Proficient,Proficient,2018-02-01T00:00:00.000,3.28,3.08,0.748,0.252,0.008,0.132,0.0,Manhattan,2017-18,177752.0,8365.0,11237.0,11538.0,11454.0,11533.0,11173.0,11146.0,11043.0,10819.0,10725.0,18559.0,18309.0,15732.0,16119.0,89999.0,0.506,87728.0,0.494,21188.0,0.119,41303.0,0.232,79621.0,0.448,3721.0,0.021,1116.0,0.006,29544.0,0.166,1259.0,0.007,37135.0,0.209,19089.0,0.107,120957.0,0.68,0.673
02M520,Murry Bergtraum High School for Business Careers,High School,114,0.52,0.83,0.6,0.86,0.91,0.81,Developing,Developing,Proficient,Proficient,Proficient,Proficient,Proficient,Proficient,Proficient,Proficient,2017-01-01T00:00:00.000,2.82,2.49,0.614,0.386,0.026,0.105,0.0,Manhattan,2016-17,178383.0,8478.0,11480.0,11795.0,11721.0,11446.0,11179.0,10745.0,11026.0,10650.0,10615.0,19240.0,18049.0,15820.0,16139.0,90298.0,0.506,88083.0,0.494,21440.0,0.12,42294.0,0.237,80223.0,0.45,3246.0,0.018,1074.0,0.006,28778.0,0.161,1328.0,0.007,36271.0,0.203,19358.0,0.109,114277.0,0.641,0.598
02M529,Jacqueline Kennedy Onassis High School,High School,302,0.58,0.58,0.64,0.6,0.81,0.71,Developing,Developing,Developing,Proficient,Proficient,Proficient,Proficient,Proficient,Proficient,Proficient,2016-11-01T00:00:00.000,2.68,2.42,0.523,0.477,0.063,0.222,0.04,Manhattan,2016-17,178383.0,8478.0,11480.0,11795.0,11721.0,11446.0,11179.0,10745.0,11026.0,10650.0,10615.0,19240.0,18049.0,15820.0,16139.0,90298.0,0.506,88083.0,0.494,21440.0,0.12,42294.0,0.237,80223.0,0.45,3246.0,0.018,1074.0,0.006,28778.0,0.161,1328.0,0.007,36271.0,0.203,19358.0,0.109,114277.0,0.641,0.598
02M531,Repertory Company High School for Theatre Arts,High School,237,0.75,0.8,0.68,0.84,0.85,0.85,Proficient,Proficient,Proficient,Proficient,Proficient,Proficient,Proficient,Proficient,Proficient,Proficient,2019-11-01T00:00:00.000,3.34,3.12,0.793,0.207,0.0,0.173,0.0,Manhattan,2019-20,180636.0,11201.0,11015.0,10884.0,11024.0,10964.0,10931.0,11021.0,11162.0,11267.0,11078.0,18339.0,17737.0,15948.0,18065.0,91347.0,0.506,89289.0,0.494,21308.0,0.118,40967.0,0.227,79931.0,0.442,4476.0,0.025,1307.0,0.007,30643.0,0.17,2004.0,0.011,38878.0,0.215,17095.0,0.095,119314.0,0.661,0.679
02M533,Union Square Academy for Health Sciences,High School,404,0.75,0.76,0.7,0.8,0.89,0.85,Well Developed,Proficient,Well Developed,Well Developed,Well Developed,Well Developed,Proficient,Well Developed,Proficient,Well Developed,2018-11-01T00:00:00.000,2.84,2.71,0.686,0.314,0.057,0.176,0.002,Manhattan,2018-19,177512.0,8922.0,10988.0,11241.0,11123.0,11168.0,11228.0,10986.0,11320.0,11018.0,10891.0,18459.0,17872.0,16130.0,16166.0,89756.0,0.506,87755.0,0.494,21071.0,0.119,40507.0,0.228,79171.0,0.446,4143.0,0.023,1290.0,0.007,30084.0,0.169,1246.0,0.007,38063.0,0.214,18102.0,0.102,118397.0,0.667,0.665
02M534,Harvest Collegiate High School,High School,440,0.55,0.81,0.61,0.96,0.91,0.86,Proficient,Developing,Proficient,Well Developed,Proficient,Well Developed,Well Developed,Proficient,Proficient,Proficient,2017-02-01T00:00:00.000,3.01,2.77,0.573,0.427,0.03,0.234,0.009,Manhattan,2016-17,178383.0,8478.0,11480.0,11795.0,11721.0,11446.0,11179.0,10745.0,11026.0,10650.0,10615.0,19240.0,18049.0,15820.0,16139.0,90298.0,0.506,88083.0,0.494,21440.0,0.12,42294.0,0.237,80223.0,0.45,3246.0,0.018,1074.0,0.006,28778.0,0.161,1328.0,0.007,36271.0,0.203,19358.0,0.109,114277.0,0.641,0.598
02M542,Manhattan Bridges High School,High School,520,0.89,0.85,0.87,0.87,0.92,0.88,Well Developed,Well Developed,Well Developed,Well Developed,Well Developed,No Data,No Data,No Data,No Data,No Data,2015-01-22T00:00:00.000,2.44,2.66,0.506,0.494,0.362,0.054,0.0,Manhattan,2014-15,,,,,,,,,,,,,,,,,,,,,,,,,,,,,,,,,,,,,,,,
02M543,New Design High School,High School,454,0.77,0.88,0.79,0.79,0.76,0.93,Proficient,Well Developed,Proficient,Well Developed,Proficient,Well Developed,Well Developed,Proficient,Proficient,Proficient,2018-05-01T00:00:00.000,2.69,2.4,0.628,0.372,0.04,0.286,0.0,Manhattan,2017-18,177752.0,8365.0,11237.0,11538.0,11454.0,11533.0,11173.0,11146.0,11043.0,10819.0,10725.0,18559.0,18309.0,15732.0,16119.0,89999.0,0.506,87728.0,0.494,21188.0,0.119,41303.0,0.232,79621.0,0.448,3721.0,0.021,1116.0,0.006,29544.0,0.166,1259.0,0.007,37135.0,0.209,19089.0,0.107,120957.0,0.68,0.673
02M545,High School for Dual Language and Asian Studies,High School,396,0.57,0.67,0.69,0.6,0.89,0.73,Proficient,Proficient,Proficient,Proficient,Developing,Well Developed,Well Developed,Proficient,Proficient,Developing,2017-03-01T00:00:00.000,3.21,3.99,0.586,0.414,0.131,0.03,0.0,Manhattan,2016-17,178383.0,8478.0,11480.0,11795.0,11721.0,11446.0,11179.0,10745.0,11026.0,10650.0,10615.0,19240.0,18049.0,15820.0,16139.0,90298.0,0.506,88083.0,0.494,21440.0,0.12,42294.0,0.237,80223.0,0.45,3246.0,0.018,1074.0,0.006,28778.0,0.161,1328.0,0.007,36271.0,0.203,19358.0,0.109,114277.0,0.641,0.598
02M546,Academy for Software Engineering,High School,453,0.68,0.86,0.67,0.84,0.84,0.89,Well Developed,Proficient,Proficient,Well Developed,Proficient,Well Developed,Well Developed,Well Developed,Well Developed,Well Developed,2018-02-01T00:00:00.000,2.97,2.98,0.166,0.834,0.046,0.256,0.002,Manhattan,2017-18,177752.0,8365.0,11237.0,11538.0,11454.0,11533.0,11173.0,11146.0,11043.0,10819.0,10725.0,18559.0,18309.0,15732.0,16119.0,89999.0,0.506,87728.0,0.494,21188.0,0.119,41303.0,0.232,79621.0,0.448,3721.0,0.021,1116.0,0.006,29544.0,0.166,1259.0,0.007,37135.0,0.209,19089.0,0.107,120957.0,0.68,0.673
02M551,Urban Assembly New York Harbor School,High School,523,0.58,0.86,0.64,0.93,0.86,0.87,Developing,Developing,Developing,Well Developed,Developing,Well Developed,Well Developed,Proficient,Proficient,Proficient,2017-01-01T00:00:00.000,3.07,2.92,0.338,0.662,0.01,0.247,0.0,Manhattan,2016-17,178383.0,8478.0,11480.0,11795.0,11721.0,11446.0,11179.0,10745.0,11026.0,10650.0,10615.0,19240.0,18049.0,15820.0,16139.0,90298.0,0.506,88083.0,0.494,21440.0,0.12,42294.0,0.237,80223.0,0.45,3246.0,0.018,1074.0,0.006,28778.0,0.161,1328.0,0.007,36271.0,0.203,19358.0,0.109,114277.0,0.641,0.598
02M580,Richard R. Green High School of Teaching,High School,352,0.84,0.83,0.82,0.83,0.89,0.9,Proficient,Proficient,Developing,Proficient,Developing,Well Developed,Proficient,Proficient,Proficient,Proficient,2017-04-01T00:00:00.000,2.86,2.65,0.659,0.341,0.04,0.207,0.003,Manhattan,2016-17,178383.0,8478.0,11480.0,11795.0,11721.0,11446.0,11179.0,10745.0,11026.0,10650.0,10615.0,19240.0,18049.0,15820.0,16139.0,90298.0,0.506,88083.0,0.494,21440.0,0.12,42294.0,0.237,80223.0,0.45,3246.0,0.018,1074.0,0.006,28778.0,0.161,1328.0,0.007,36271.0,0.203,19358.0,0.109,114277.0,0.641,0.598
02M600,The High School of Fashion Industries,High School,1589,0.78,0.85,0.76,0.92,0.9,0.91,Well Developed,Proficient,Proficient,Well Developed,Well Developed,Well Developed,Well Developed,Proficient,Well Developed,Proficient,2019-05-01T00:00:00.000,3.06,2.78,0.896,0.104,0.03,0.172,0.035,Manhattan,2018-19,177512.0,8922.0,10988.0,11241.0,11123.0,11168.0,11228.0,10986.0,11320.0,11018.0,10891.0,18459.0,17872.0,16130.0,16166.0,89756.0,0.506,87755.0,0.494,21071.0,0.119,40507.0,0.228,79171.0,0.446,4143.0,0.023,1290.0,0.007,30084.0,0.169,1246.0,0.007,38063.0,0.214,18102.0,0.102,118397.0,0.667,0.665
02M605,Humanities Preparatory Academy,High School,261,0.83,0.91,0.98,0.93,0.96,1.0,Well Developed,Proficient,Proficient,Proficient,Well Developed,Well Developed,Proficient,Proficient,Well Developed,Well Developed,2018-01-01T00:00:00.000,3.0,2.69,0.544,0.456,0.042,0.192,0.004,Manhattan,2017-18,177752.0,8365.0,11237.0,11538.0,11454.0,11533.0,11173.0,11146.0,11043.0,10819.0,10725.0,18559.0,18309.0,15732.0,16119.0,89999.0,0.506,87728.0,0.494,21188.0,0.119,41303.0,0.232,79621.0,0.448,3721.0,0.021,1116.0,0.006,29544.0,0.166,1259.0,0.007,37135.0,0.209,19089.0,0.107,120957.0,0.68,0.673
02M615,Chelsea Career and Technical Education High School,High School,449,0.71,0.78,0.67,0.77,0.89,0.82,Proficient,Developing,Proficient,Proficient,Developing,Developing,Proficient,Under Developed,Proficient,Proficient,2018-03-01T00:00:00.000,2.92,2.79,0.272,0.728,0.049,0.232,0.004,Manhattan,2017-18,177752.0,8365.0,11237.0,11538.0,11454.0,11533.0,11173.0,11146.0,11043.0,10819.0,10725.0,18559.0,18309.0,15732.0,16119.0,89999.0,0.506,87728.0,0.494,21188.0,0.119,41303.0,0.232,79621.0,0.448,3721.0,0.021,1116.0,0.006,29544.0,0.166,1259.0,0.007,37135.0,0.209,19089.0,0.107,120957.0,0.68,0.673
02M630,Art and Design High School,High School,1465,0.69,0.74,0.68,0.79,0.87,0.83,Proficient,Proficient,Developing,Proficient,Proficient,Proficient,Proficient,Proficient,Proficient,Proficient,2016-10-01T00:00:00.000,3.36,3.17,0.666,0.334,0.008,0.22,0.018,Manhattan,2016-17,178383.0,8478.0,11480.0,11795.0,11721.0,11446.0,11179.0,10745.0,11026.0,10650.0,10615.0,19240.0,18049.0,15820.0,16139.0,90298.0,0.506,88083.0,0.494,21440.0,0.12,42294.0,0.237,80223.0,0.45,3246.0,0.018,1074.0,0.006,28778.0,0.161,1328.0,0.007,36271.0,0.203,19358.0,0.109,114277.0,0.641,0.598
02M655,Life Sciences Secondary School,High School,394,0.91,0.96,0.91,0.96,0.91,0.97,Developing,Developing,Developing,Developing,Proficient,No Data,No Data,No Data,No Data,No Data,2016-04-12T00:00:00.000,2.69,2.46,0.51,0.49,0.099,0.208,0.018,Manhattan,2015-16,,,,,,,,,,,,,,,,,,,,,,,,,,,,,,,,,,,,,,,,
03M291,West End Secondary School,High School,217,0.83,0.79,0.69,0.83,0.94,0.88,Well Developed,Well Developed,Well Developed,Well Developed,Proficient,No Data,No Data,No Data,No Data,No Data,2016-05-31T00:00:00.000,3.49,3.39,0.608,0.392,0.0,0.235,0.0,Manhattan,2015-16,,,,,,,,,,,,,,,,,,,,,,,,,,,,,,,,,,,,,,,,
03M299,The Maxine Greene HS for Imaginative Inquiry,High School,285,,,,0.88,0.87,0.91,Developing,Developing,Developing,Proficient,Proficient,Proficient,Proficient,Proficient,Proficient,Proficient,2018-01-01T00:00:00.000,2.69,2.4,0.519,0.481,0.14,0.249,0.028,Manhattan,2017-18,177752.0,8365.0,11237.0,11538.0,11454.0,11533.0,11173.0,11146.0,11043.0,10819.0,10725.0,18559.0,18309.0,15732.0,16119.0,89999.0,0.506,87728.0,0.494,21188.0,0.119,41303.0,0.232,79621.0,0.448,3721.0,0.021,1116.0,0.006,29544.0,0.166,1259.0,0.007,37135.0,0.209,19089.0,0.107,120957.0,0.68,0.673
03M307,"Urban Assembly School for Media Studies, The",High School,409,0.79,0.95,0.74,0.94,0.93,0.92,Well Developed,Proficient,Proficient,Proficient,Well Developed,Well Developed,Well Developed,Proficient,Well Developed,Proficient,2017-05-01T00:00:00.000,2.8,2.54,0.526,0.474,0.024,0.166,0.002,Manhattan,2016-17,178383.0,8478.0,11480.0,11795.0,11721.0,11446.0,11179.0,10745.0,11026.0,10650.0,10615.0,19240.0,18049.0,15820.0,16139.0,90298.0,0.506,88083.0,0.494,21440.0,0.12,42294.0,0.237,80223.0,0.45,3246.0,0.018,1074.0,0.006,28778.0,0.161,1328.0,0.007,36271.0,0.203,19358.0,0.109,114277.0,0.641,0.598
03M402,The Urban Assembly School for Green Careers,High School,305,0.69,0.76,0.75,0.69,0.75,0.83,Well Developed,Proficient,Well Developed,Well Developed,Well Developed,Proficient,Well Developed,Proficient,Well Developed,Well Developed,2018-01-01T00:00:00.000,2.76,2.48,0.416,0.584,0.108,0.226,0.0,Manhattan,2017-18,177752.0,8365.0,11237.0,11538.0,11454.0,11533.0,11173.0,11146.0,11043.0,10819.0,10725.0,18559.0,18309.0,15732.0,16119.0,89999.0,0.506,87728.0,0.494,21188.0,0.119,41303.0,0.232,79621.0,0.448,3721.0,0.021,1116.0,0.006,29544.0,0.166,1259.0,0.007,37135.0,0.209,19089.0,0.107,120957.0,0.68,0.673
03M403,The Global Learning Collaborative,High School,419,0.77,0.86,0.82,0.91,0.88,0.84,Proficient,Proficient,Proficient,Well Developed,Well Developed,Well Developed,Well Developed,Proficient,Well Developed,Proficient,2017-05-01T00:00:00.000,2.73,2.6,0.487,0.513,0.095,0.222,0.005,Manhattan,2016-17,178383.0,8478.0,11480.0,11795.0,11721.0,11446.0,11179.0,10745.0,11026.0,10650.0,10615.0,19240.0,18049.0,15820.0,16139.0,90298.0,0.506,88083.0,0.494,21440.0,0.12,42294.0,0.237,80223.0,0.45,3246.0,0.018,1074.0,0.006,28778.0,0.161,1328.0,0.007,36271.0,0.203,19358.0,0.109,114277.0,0.641,0.598
03M415,Wadleigh Secondary School for the Performing & Vis,High School,226,0.79,0.86,0.75,0.87,0.85,0.81,Developing,Developing,Developing,Developing,Developing,Developing,Proficient,Proficient,Proficient,Developing,2018-05-01T00:00:00.000,2.87,2.45,0.673,0.327,0.035,0.212,0.004,Manhattan,2017-18,177752.0,8365.0,11237.0,11538.0,11454.0,11533.0,11173.0,11146.0,11043.0,10819.0,10725.0,18559.0,18309.0,15732.0,16119.0,89999.0,0.506,87728.0,0.494,21188.0,0.119,41303.0,0.232,79621.0,0.448,3721.0,0.021,1116.0,0.006,29544.0,0.166,1259.0,0.007,37135.0,0.209,19089.0,0.107,120957.0,0.68,0.673
03M417,Frank McCourt High School,High School,402,0.81,0.86,0.77,0.88,0.89,0.92,Proficient,Proficient,Proficient,Proficient,Well Developed,Proficient,Proficient,Proficient,Proficient,Proficient,2017-11-01T00:00:00.000,3.22,3.22,0.547,0.453,0.017,0.211,0.0,Manhattan,2017-18,177752.0,8365.0,11237.0,11538.0,11454.0,11533.0,11173.0,11146.0,11043.0,10819.0,10725.0,18559.0,18309.0,15732.0,16119.0,89999.0,0.506,87728.0,0.494,21188.0,0.119,41303.0,0.232,79621.0,0.448,3721.0,0.021,1116.0,0.006,29544.0,0.166,1259.0,0.007,37135.0,0.209,19089.0,0.107,120957.0,0.68,0.673
03M479,Beacon High School,High School,1469,0.86,0.67,0.74,0.63,0.8,0.77,Proficient,Proficient,Proficient,Well Developed,Proficient,Well Developed,Proficient,Proficient,Proficient,Proficient,2018-04-01T00:00:00.000,3.91,3.98,0.626,0.374,0.001,0.128,0.003,Manhattan,2017-18,177752.0,8365.0,11237.0,11538.0,11454.0,11533.0,11173.0,11146.0,11043.0,10819.0,10725.0,18559.0,18309.0,15732.0,16119.0,89999.0,0.506,87728.0,0.494,21188.0,0.119,41303.0,0.232,79621.0,0.448,3721.0,0.021,1116.0,0.006,29544.0,0.166,1259.0,0.007,37135.0,0.209,19089.0,0.107,120957.0,0.68,0.673
03M485,Fiorello H. LaGuardia High School of Music & Art a,High School,2946,0.76,0.73,0.75,0.77,0.82,0.88,Well Developed,Well Developed,Well Developed,Well Developed,Well Developed,Well Developed,Well Developed,Well Developed,Well Developed,Well Developed,2017-01-01T00:00:00.000,3.89,3.99,0.757,0.243,0.002,0.03,0.0,Manhattan,2016-17,178383.0,8478.0,11480.0,11795.0,11721.0,11446.0,11179.0,10745.0,11026.0,10650.0,10615.0,19240.0,18049.0,15820.0,16139.0,90298.0,0.506,88083.0,0.494,21440.0,0.12,42294.0,0.237,80223.0,0.45,3246.0,0.018,1074.0,0.006,28778.0,0.161,1328.0,0.007,36271.0,0.203,19358.0,0.109,114277.0,0.641,0.598
03M492,"High School for Law, Advocacy and Community Justic",High School,405,0.72,0.62,0.66,0.73,0.94,0.81,Proficient,Proficient,Well Developed,Well Developed,Well Developed,Well Developed,Proficient,Proficient,Well Developed,Proficient,2018-04-01T00:00:00.000,2.86,2.58,0.593,0.407,0.044,0.156,0.002,Manhattan,2017-18,177752.0,8365.0,11237.0,11538.0,11454.0,11533.0,11173.0,11146.0,11043.0,10819.0,10725.0,18559.0,18309.0,15732.0,16119.0,89999.0,0.506,87728.0,0.494,21188.0,0.119,41303.0,0.232,79621.0,0.448,3721.0,0.021,1116.0,0.006,29544.0,0.166,1259.0,0.007,37135.0,0.209,19089.0,0.107,120957.0,0.68,0.673
03M494,High School of Arts and Technology,High School,459,0.67,0.67,0.44,0.62,0.59,0.69,Developing,Developing,Under Developed,Developing,Developing,Proficient,Proficient,Developing,Proficient,Under Developed,2016-10-01T00:00:00.000,2.69,2.49,0.333,0.667,0.072,0.235,0.033,Manhattan,2016-17,178383.0,8478.0,11480.0,11795.0,11721.0,11446.0,11179.0,10745.0,11026.0,10650.0,10615.0,19240.0,18049.0,15820.0,16139.0,90298.0,0.506,88083.0,0.494,21440.0,0.12,42294.0,0.237,80223.0,0.45,3246.0,0.018,1074.0,0.006,28778.0,0.161,1328.0,0.007,36271.0,0.203,19358.0,0.109,114277.0,0.641,0.598
03M541,Manhattan / Hunter Science High School,High School,455,0.8,0.76,0.78,0.83,0.79,0.86,Well Developed,Well Developed,Proficient,Well Developed,Proficient,Well Developed,Well Developed,Proficient,Proficient,Proficient,2019-05-01T00:00:00.000,3.86,3.98,0.602,0.398,0.004,0.143,0.0,Manhattan,2018-19,177512.0,8922.0,10988.0,11241.0,11123.0,11168.0,11228.0,10986.0,11320.0,11018.0,10891.0,18459.0,17872.0,16130.0,16166.0,89756.0,0.506,87755.0,0.494,21071.0,0.119,40507.0,0.228,79171.0,0.446,4143.0,0.023,1290.0,0.007,30084.0,0.169,1246.0,0.007,38063.0,0.214,18102.0,0.102,118397.0,0.667,0.665
03M859,Special Music School,High School,175,0.67,0.81,0.72,0.87,0.95,0.85,Well Developed,Well Developed,Well Developed,Well Developed,Well Developed,Well Developed,Well Developed,Well Developed,Well Developed,Well Developed,2020-01-01T00:00:00.000,3.64,3.56,0.503,0.497,0.006,0.154,0.0,Manhattan,2019-20,180636.0,11201.0,11015.0,10884.0,11024.0,10964.0,10931.0,11021.0,11162.0,11267.0,11078.0,18339.0,17737.0,15948.0,18065.0,91347.0,0.506,89289.0,0.494,21308.0,0.118,40967.0,0.227,79931.0,0.442,4476.0,0.025,1307.0,0.007,30643.0,0.17,2004.0,0.011,38878.0,0.215,17095.0,0.095,119314.0,0.661,0.679
03M860,Frederick Douglass Academy II Secondary School,High School,248,0.72,0.74,0.66,0.76,0.9,0.84,Proficient,Developing,Proficient,Well Developed,Proficient,Well Developed,Proficient,Proficient,Proficient,Proficient,2016-12-01T00:00:00.000,2.51,2.27,0.415,0.585,0.089,0.25,0.0,Manhattan,2016-17,178383.0,8478.0,11480.0,11795.0,11721.0,11446.0,11179.0,10745.0,11026.0,10650.0,10615.0,19240.0,18049.0,15820.0,16139.0,90298.0,0.506,88083.0,0.494,21440.0,0.12,42294.0,0.237,80223.0,0.45,3246.0,0.018,1074.0,0.006,28778.0,0.161,1328.0,0.007,36271.0,0.203,19358.0,0.109,114277.0,0.641,0.598
04M372,Esperanza Preparatory Academy,High School,313,0.74,0.85,0.69,0.88,0.93,0.9,Proficient,Proficient,Proficient,Proficient,Proficient,Proficient,Proficient,Proficient,Proficient,Proficient,2017-12-01T00:00:00.000,2.54,2.31,0.425,0.575,0.342,0.198,0.061,Manhattan,2017-18,177752.0,8365.0,11237.0,11538.0,11454.0,11533.0,11173.0,11146.0,11043.0,10819.0,10725.0,18559.0,18309.0,15732.0,16119.0,89999.0,0.506,87728.0,0.494,21188.0,0.119,41303.0,0.232,79621.0,0.448,3721.0,0.021,1116.0,0.006,29544.0,0.166,1259.0,0.007,37135.0,0.209,19089.0,0.107,120957.0,0.68,0.673
04M435,Manhattan Center for Science and Mathematics,High School,1647,0.96,0.96,0.97,0.95,0.83,0.94,Well Developed,Well Developed,Well Developed,Well Developed,Well Developed,Well Developed,Well Developed,Well Developed,Well Developed,Well Developed,2017-11-01T00:00:00.000,3.47,3.62,0.502,0.498,0.055,0.14,0.002,Manhattan,2017-18,177752.0,8365.0,11237.0,11538.0,11454.0,11533.0,11173.0,11146.0,11043.0,10819.0,10725.0,18559.0,18309.0,15732.0,16119.0,89999.0,0.506,87728.0,0.494,21188.0,0.119,41303.0,0.232,79621.0,0.448,3721.0,0.021,1116.0,0.006,29544.0,0.166,1259.0,0.007,37135.0,0.209,19089.0,0.107,120957.0,0.68,0.673
04M495,Park East High School,High School,380,,,,0.96,0.89,0.96,Well Developed,Proficient,Proficient,Well Developed,Well Developed,Well Developed,Well Developed,Proficient,Well Developed,Proficient,2016-11-01T00:00:00.000,3.02,2.98,0.503,0.497,0.029,0.203,0.0,Manhattan,2016-17,178383.0,8478.0,11480.0,11795.0,11721.0,11446.0,11179.0,10745.0,11026.0,10650.0,10615.0,19240.0,18049.0,15820.0,16139.0,90298.0,0.506,88083.0,0.494,21440.0,0.12,42294.0,0.237,80223.0,0.45,3246.0,0.018,1074.0,0.006,28778.0,0.161,1328.0,0.007,36271.0,0.203,19358.0,0.109,114277.0,0.641,0.598
04M555,Central Park East High School,High School,512,0.87,0.95,0.86,0.96,0.89,0.95,Well Developed,Well Developed,Well Developed,Well Developed,Well Developed,No Data,No Data,No Data,No Data,No Data,2015-03-18T00:00:00.000,3.5,3.57,0.645,0.355,0.012,0.156,0.0,Manhattan,2014-15,,,,,,,,,,,,,,,,,,,,,,,,,,,,,,,,,,,,,,,,
04M610,Young Women's Leadership School,High School,322,0.89,0.89,0.83,0.9,0.86,0.9,Well Developed,Proficient,Proficient,Well Developed,Proficient,Well Developed,Well Developed,Proficient,Well Developed,Proficient,2020-01-01T00:00:00.000,3.3,3.22,1.0,0.0,0.019,0.193,0.0,Manhattan,2019-20,180636.0,11201.0,11015.0,10884.0,11024.0,10964.0,10931.0,11021.0,11162.0,11267.0,11078.0,18339.0,17737.0,15948.0,18065.0,91347.0,0.506,89289.0,0.494,21308.0,0.118,40967.0,0.227,79931.0,0.442,4476.0,0.025,1307.0,0.007,30643.0,0.17,2004.0,0.011,38878.0,0.215,17095.0,0.095,119314.0,0.661,0.679
04M680,"Heritage School, The",High School,311,0.71,0.9,0.64,0.9,0.81,0.89,Developing,Developing,Proficient,Well Developed,Well Developed,Well Developed,Well Developed,Proficient,Proficient,Proficient,2017-04-01T00:00:00.000,2.59,2.29,0.511,0.489,0.068,0.209,0.003,Manhattan,2016-17,178383.0,8478.0,11480.0,11795.0,11721.0,11446.0,11179.0,10745.0,11026.0,10650.0,10615.0,19240.0,18049.0,15820.0,16139.0,90298.0,0.506,88083.0,0.494,21440.0,0.12,42294.0,0.237,80223.0,0.45,3246.0,0.018,1074.0,0.006,28778.0,0.161,1328.0,0.007,36271.0,0.203,19358.0,0.109,114277.0,0.641,0.598
05M148,Eagle Academy for Young Men of Harlem,High School,238,0.55,0.58,0.57,0.57,0.78,0.75,Proficient,Proficient,Proficient,Well Developed,Proficient,Well Developed,Well Developed,Well Developed,Well Developed,Proficient,2016-12-01T00:00:00.000,2.66,2.37,0.0,1.0,0.063,0.277,0.063,Manhattan,2016-17,178383.0,8478.0,11480.0,11795.0,11721.0,11446.0,11179.0,10745.0,11026.0,10650.0,10615.0,19240.0,18049.0,15820.0,16139.0,90298.0,0.506,88083.0,0.494,21440.0,0.12,42294.0,0.237,80223.0,0.45,3246.0,0.018,1074.0,0.006,28778.0,0.161,1328.0,0.007,36271.0,0.203,19358.0,0.109,114277.0,0.641,0.598
05M157,The Urban Assembly School for Global Commerce,High School,233,0.7,0.7,0.62,0.63,0.83,0.73,Proficient,Developing,Developing,Well Developed,Proficient,Well Developed,Well Developed,Proficient,Proficient,Proficient,2017-02-01T00:00:00.000,2.53,2.24,0.485,0.515,0.099,0.326,0.056,Manhattan,2016-17,178383.0,8478.0,11480.0,11795.0,11721.0,11446.0,11179.0,10745.0,11026.0,10650.0,10615.0,19240.0,18049.0,15820.0,16139.0,90298.0,0.506,88083.0,0.494,21440.0,0.12,42294.0,0.237,80223.0,0.45,3246.0,0.018,1074.0,0.006,28778.0,0.161,1328.0,0.007,36271.0,0.203,19358.0,0.109,114277.0,0.641,0.598
05M304,Mott Hall High School,High School,239,0.66,0.71,0.59,0.69,0.82,0.75,Developing,Developing,Proficient,Proficient,Proficient,Proficient,Proficient,Proficient,Proficient,Proficient,2016-12-01T00:00:00.000,2.45,2.16,0.49,0.51,0.18,0.289,0.004,Manhattan,2016-17,178383.0,8478.0,11480.0,11795.0,11721.0,11446.0,11179.0,10745.0,11026.0,10650.0,10615.0,19240.0,18049.0,15820.0,16139.0,90298.0,0.506,88083.0,0.494,21440.0,0.12,42294.0,0.237,80223.0,0.45,3246.0,0.018,1074.0,0.006,28778.0,0.161,1328.0,0.007,36271.0,0.203,19358.0,0.109,114277.0,0.641,0.598
05M362,Columbia Secondary School,High School,406,0.92,0.82,0.74,0.89,0.9,0.96,Well Developed,Well Developed,Well Developed,Well Developed,Well Developed,Well Developed,Well Developed,Well Developed,Well Developed,Well Developed,2018-12-01T00:00:00.000,3.78,4.04,0.51,0.49,0.005,0.16,0.0,Manhattan,2018-19,177512.0,8922.0,10988.0,11241.0,11123.0,11168.0,11228.0,10986.0,11320.0,11018.0,10891.0,18459.0,17872.0,16130.0,16166.0,89756.0,0.506,87755.0,0.494,21071.0,0.119,40507.0,0.228,79171.0,0.446,4143.0,0.023,1290.0,0.007,30084.0,0.169,1246.0,0.007,38063.0,0.214,18102.0,0.102,118397.0,0.667,0.665
05M369,Urban Assembly School for the Performing Arts,High School,379,,,,,,,Developing,Proficient,Proficient,Proficient,Proficient,Proficient,Proficient,Proficient,Proficient,Proficient,2017-02-01T00:00:00.000,2.65,2.33,0.784,0.216,0.063,0.235,0.047,Manhattan,2016-17,178383.0,8478.0,11480.0,11795.0,11721.0,11446.0,11179.0,10745.0,11026.0,10650.0,10615.0,19240.0,18049.0,15820.0,16139.0,90298.0,0.506,88083.0,0.494,21440.0,0.12,42294.0,0.237,80223.0,0.45,3246.0,0.018,1074.0,0.006,28778.0,0.161,1328.0,0.007,36271.0,0.203,19358.0,0.109,114277.0,0.641,0.598
05M499,Frederick Douglass Academy,High School,837,0.78,0.79,0.78,0.78,0.85,0.86,Developing,Developing,Developing,Developing,Developing,Developing,Developing,Developing,Developing,Developing,2018-02-01T00:00:00.000,2.94,2.72,0.467,0.533,0.045,0.16,0.007,Manhattan,2017-18,177752.0,8365.0,11237.0,11538.0,11454.0,11533.0,11173.0,11146.0,11043.0,10819.0,10725.0,18559.0,18309.0,15732.0,16119.0,89999.0,0.506,87728.0,0.494,21188.0,0.119,41303.0,0.232,79621.0,0.448,3721.0,0.021,1116.0,0.006,29544.0,0.166,1259.0,0.007,37135.0,0.209,19089.0,0.107,120957.0,0.68,0.673
05M670,Thurgood Marshall Academy for Learning and Social,High School,374,0.67,0.67,0.64,0.62,0.8,0.72,Proficient,Developing,Proficient,Well Developed,Well Developed,Well Developed,Proficient,Proficient,Well Developed,Proficient,2017-11-01T00:00:00.000,2.84,2.47,0.508,0.492,0.035,0.238,0.021,Manhattan,2017-18,177752.0,8365.0,11237.0,11538.0,11454.0,11533.0,11173.0,11146.0,11043.0,10819.0,10725.0,18559.0,18309.0,15732.0,16119.0,89999.0,0.506,87728.0,0.494,21188.0,0.119,41303.0,0.232,79621.0,0.448,3721.0,0.021,1116.0,0.006,29544.0,0.166,1259.0,0.007,37135.0,0.209,19089.0,0.107,120957.0,0.68,0.673
05M692,"High School for Mathematics, Science and Engineeri",High School,485,,,,0.94,0.85,0.93,Well Developed,Well Developed,Well Developed,Well Developed,Well Developed,Well Developed,Proficient,Well Developed,Proficient,Proficient,2019-11-01T00:00:00.000,4.0,4.27,0.375,0.625,0.0,0.056,0.0,Manhattan,2019-20,180636.0,11201.0,11015.0,10884.0,11024.0,10964.0,10931.0,11021.0,11162.0,11267.0,11078.0,18339.0,17737.0,15948.0,18065.0,91347.0,0.506,89289.0,0.494,21308.0,0.118,40967.0,0.227,79931.0,0.442,4476.0,0.025,1307.0,0.007,30643.0,0.17,2004.0,0.011,38878.0,0.215,17095.0,0.095,119314.0,0.661,0.679
06M211,Inwood Early College for Health and Information Te,High School,459,0.72,0.78,0.69,0.78,0.9,0.88,Proficient,Developing,Developing,Proficient,Developing,Proficient,Proficient,Proficient,Proficient,Proficient,2017-05-01T00:00:00.000,2.84,2.71,0.449,0.551,0.098,0.242,0.0,Manhattan,2016-17,178383.0,8478.0,11480.0,11795.0,11721.0,11446.0,11179.0,10745.0,11026.0,10650.0,10615.0,19240.0,18049.0,15820.0,16139.0,90298.0,0.506,88083.0,0.494,21440.0,0.12,42294.0,0.237,80223.0,0.45,3246.0,0.018,1074.0,0.006,28778.0,0.161,1328.0,0.007,36271.0,0.203,19358.0,0.109,114277.0,0.641,0.598
06M293,City College Academy of the Arts,High School,354,0.71,0.71,0.57,0.66,0.87,0.76,Proficient,Developing,Proficient,Proficient,Proficient,Proficient,Proficient,Proficient,Proficient,Proficient,2017-04-01T00:00:00.000,3.32,3.39,0.514,0.486,0.025,0.144,0.0,Manhattan,2016-17,178383.0,8478.0,11480.0,11795.0,11721.0,11446.0,11179.0,10745.0,11026.0,10650.0,10615.0,19240.0,18049.0,15820.0,16139.0,90298.0,0.506,88083.0,0.494,21440.0,0.12,42294.0,0.237,80223.0,0.45,3246.0,0.018,1074.0,0.006,28778.0,0.161,1328.0,0.007,36271.0,0.203,19358.0,0.109,114277.0,0.641,0.598
06M346,Community Health Academy of the Heights,High School,422,0.9,0.95,0.92,0.97,1.0,0.98,Proficient,Proficient,Proficient,Well Developed,Well Developed,Well Developed,Well Developed,Well Developed,Well Developed,Proficient,2017-01-01T00:00:00.000,2.87,2.58,0.524,0.476,0.097,0.168,0.002,Manhattan,2016-17,178383.0,8478.0,11480.0,11795.0,11721.0,11446.0,11179.0,10745.0,11026.0,10650.0,10615.0,19240.0,18049.0,15820.0,16139.0,90298.0,0.506,88083.0,0.494,21440.0,0.12,42294.0,0.237,80223.0,0.45,3246.0,0.018,1074.0,0.006,28778.0,0.161,1328.0,0.007,36271.0,0.203,19358.0,0.109,114277.0,0.641,0.598
06M348,Washington Heights Expeditionary Learning School,High School,383,0.81,0.91,0.79,0.85,0.91,0.92,Well Developed,Well Developed,Well Developed,Well Developed,Well Developed,Well Developed,Well Developed,Well Developed,Proficient,Proficient,2018-02-01T00:00:00.000,2.88,2.73,0.488,0.512,0.094,0.209,0.0,Manhattan,2017-18,177752.0,8365.0,11237.0,11538.0,11454.0,11533.0,11173.0,11146.0,11043.0,10819.0,10725.0,18559.0,18309.0,15732.0,16119.0,89999.0,0.506,87728.0,0.494,21188.0,0.119,41303.0,0.232,79621.0,0.448,3721.0,0.021,1116.0,0.006,29544.0,0.166,1259.0,0.007,37135.0,0.209,19089.0,0.107,120957.0,0.68,0.673
06M462,The College Academy,High School,367,0.83,0.94,0.89,0.93,0.95,0.95,Proficient,Proficient,Proficient,Well Developed,Proficient,Proficient,Well Developed,Proficient,Proficient,Well Developed,2020-03-01T00:00:00.000,2.34,2.15,0.428,0.572,0.534,0.207,0.03,Manhattan,2019-20,180636.0,11201.0,11015.0,10884.0,11024.0,10964.0,10931.0,11021.0,11162.0,11267.0,11078.0,18339.0,17737.0,15948.0,18065.0,91347.0,0.506,89289.0,0.494,21308.0,0.118,40967.0,0.227,79931.0,0.442,4476.0,0.025,1307.0,0.007,30643.0,0.17,2004.0,0.011,38878.0,0.215,17095.0,0.095,119314.0,0.661,0.679
06M463,High School for Media and Communications,High School,350,0.71,0.83,0.78,0.84,0.93,0.91,Proficient,Developing,Developing,Proficient,Developing,Proficient,Proficient,Proficient,Proficient,Developing,2020-02-01T00:00:00.000,2.5,2.22,0.466,0.534,0.474,0.189,0.009,Manhattan,2019-20,180636.0,11201.0,11015.0,10884.0,11024.0,10964.0,10931.0,11021.0,11162.0,11267.0,11078.0,18339.0,17737.0,15948.0,18065.0,91347.0,0.506,89289.0,0.494,21308.0,0.118,40967.0,0.227,79931.0,0.442,4476.0,0.025,1307.0,0.007,30643.0,0.17,2004.0,0.011,38878.0,0.215,17095.0,0.095,119314.0,0.661,0.679
06M467,High School for Law and Public Service,High School,445,0.87,0.9,0.84,0.93,0.95,0.96,Developing,Developing,Proficient,Developing,Developing,Developing,Proficient,Proficient,Proficient,Developing,2016-11-01T00:00:00.000,2.5,2.3,0.515,0.485,0.357,0.258,0.09,Manhattan,2016-17,178383.0,8478.0,11480.0,11795.0,11721.0,11446.0,11179.0,10745.0,11026.0,10650.0,10615.0,19240.0,18049.0,15820.0,16139.0,90298.0,0.506,88083.0,0.494,21440.0,0.12,42294.0,0.237,80223.0,0.45,3246.0,0.018,1074.0,0.006,28778.0,0.161,1328.0,0.007,36271.0,0.203,19358.0,0.109,114277.0,0.641,0.598
06M468,High School for Health Careers and Sciences,High School,401,0.77,0.76,0.75,0.81,1.0,0.88,Proficient,Proficient,Proficient,Proficient,Proficient,Well Developed,Proficient,Proficient,Proficient,Well Developed,2018-05-01T00:00:00.000,2.44,2.25,0.534,0.466,0.411,0.187,0.002,Manhattan,2017-18,177752.0,8365.0,11237.0,11538.0,11454.0,11533.0,11173.0,11146.0,11043.0,10819.0,10725.0,18559.0,18309.0,15732.0,16119.0,89999.0,0.506,87728.0,0.494,21188.0,0.119,41303.0,0.232,79621.0,0.448,3721.0,0.021,1116.0,0.006,29544.0,0.166,1259.0,0.007,37135.0,0.209,19089.0,0.107,120957.0,0.68,0.673
06M540,A. Philip Randolph Campus High School,High School,1409,,,,,,,Proficient,Developing,Developing,Proficient,Proficient,Proficient,Proficient,Proficient,Proficient,Proficient,2017-01-01T00:00:00.000,2.84,2.67,0.512,0.488,0.121,0.173,0.018,Manhattan,2016-17,178383.0,8478.0,11480.0,11795.0,11721.0,11446.0,11179.0,10745.0,11026.0,10650.0,10615.0,19240.0,18049.0,15820.0,16139.0,90298.0,0.506,88083.0,0.494,21440.0,0.12,42294.0,0.237,80223.0,0.45,3246.0,0.018,1074.0,0.006,28778.0,0.161,1328.0,0.007,36271.0,0.203,19358.0,0.109,114277.0,0.641,0.598
06M552,Gregorio Luperon High School for Science and Mathe,High School,521,0.89,0.9,0.85,0.94,0.94,0.93,Proficient,Proficient,Proficient,Well Developed,Proficient,Proficient,Well Developed,Proficient,Proficient,Proficient,2017-05-01T00:00:00.000,2.03,2.13,0.551,0.449,0.752,0.027,0.002,Manhattan,2016-17,178383.0,8478.0,11480.0,11795.0,11721.0,11446.0,11179.0,10745.0,11026.0,10650.0,10615.0,19240.0,18049.0,15820.0,16139.0,90298.0,0.506,88083.0,0.494,21440.0,0.12,42294.0,0.237,80223.0,0.45,3246.0,0.018,1074.0,0.006,28778.0,0.161,1328.0,0.007,36271.0,0.203,19358.0,0.109,114277.0,0.641,0.598
07X221,South Bronx Preparatory: A College Board School,High School,398,0.88,0.95,0.85,0.96,0.93,0.95,Well Developed,Proficient,Well Developed,Well Developed,Well Developed,Well Developed,Well Developed,Proficient,Well Developed,Well Developed,2020-03-01T00:00:00.000,2.86,2.57,0.525,0.475,0.043,0.241,0.003,Bronx,2019-20,235448.0,17990.0,17103.0,17680.0,17598.0,17462.0,17981.0,18216.0,17498.0,17260.0,16785.0,17243.0,15699.0,13611.0,13322.0,113952.0,0.484,121496.0,0.516,11739.0,0.05,63136.0,0.268,145870.0,0.62,1125.0,0.005,2208.0,0.009,10003.0,0.042,1367.0,0.006,54899.0,0.233,37509.0,0.159,202976.0,0.862,0.868
07X223,The Laboratory School of Finance and Technology: X,High School,386,0.73,0.91,0.73,0.98,0.81,0.83,Well Developed,Proficient,Proficient,Well Developed,Well Developed,Well Developed,Well Developed,Well Developed,Well Developed,Well Developed,2019-10-01T00:00:00.000,3.11,3.29,0.474,0.526,0.036,0.199,0.0,Bronx,2019-20,235448.0,17990.0,17103.0,17680.0,17598.0,17462.0,17981.0,18216.0,17498.0,17260.0,16785.0,17243.0,15699.0,13611.0,13322.0,113952.0,0.484,121496.0,0.516,11739.0,0.05,63136.0,0.268,145870.0,0.62,1125.0,0.005,2208.0,0.009,10003.0,0.042,1367.0,0.006,54899.0,0.233,37509.0,0.159,202976.0,0.862,0.868
07X259,"H.E.R.O. High (Health, Education, and Research Occ",High School,532,0.81,0.94,0.73,0.95,0.92,0.94,Well Developed,Proficient,Proficient,Well Developed,Proficient,Well Developed,Well Developed,Proficient,Well Developed,Well Developed,2018-05-01T00:00:00.000,2.72,2.46,0.679,0.321,0.077,0.226,0.024,Bronx,2017-18,239955.0,14948.0,17812.0,18598.0,19008.0,18940.0,18535.0,18173.0,17152.0,17039.0,16604.0,17860.0,16643.0,14038.0,14605.0,115867.0,0.483,124084.0,0.517,11458.0,0.048,65599.0,0.273,148849.0,0.62,928.0,0.004,2154.0,0.009,10531.0,0.044,436.0,0.002,55719.0,0.232,41316.0,0.172,208334.0,0.868,0.857
07X334,International Community High School,High School,410,0.77,0.88,0.81,0.88,0.84,0.91,Well Developed,Proficient,Proficient,Well Developed,Well Developed,Well Developed,Well Developed,Well Developed,Well Developed,Proficient,2017-11-01T00:00:00.000,1.77,1.8,0.502,0.498,0.81,0.085,0.002,Bronx,2017-18,239955.0,14948.0,17812.0,18598.0,19008.0,18940.0,18535.0,18173.0,17152.0,17039.0,16604.0,17860.0,16643.0,14038.0,14605.0,115867.0,0.483,124084.0,0.517,11458.0,0.048,65599.0,0.273,148849.0,0.62,928.0,0.004,2154.0,0.009,10531.0,0.044,436.0,0.002,55719.0,0.232,41316.0,0.172,208334.0,0.868,0.857
07X427,Community School for Social Justice,High School,310,0.91,1.0,1.0,1.0,0.99,1.0,Proficient,Proficient,Proficient,Well Developed,Proficient,Well Developed,Proficient,Proficient,Well Developed,Proficient,2019-12-01T00:00:00.000,2.4,2.08,0.487,0.513,0.223,0.265,0.01,Bronx,2019-20,235448.0,17990.0,17103.0,17680.0,17598.0,17462.0,17981.0,18216.0,17498.0,17260.0,16785.0,17243.0,15699.0,13611.0,13322.0,113952.0,0.484,121496.0,0.516,11739.0,0.05,63136.0,0.268,145870.0,0.62,1125.0,0.005,2208.0,0.009,10003.0,0.042,1367.0,0.006,54899.0,0.233,37509.0,0.159,202976.0,0.862,0.868
07X473,Mott Haven Village Preparatory High School,High School,302,0.69,0.7,0.67,0.74,0.87,0.82,Proficient,Developing,Proficient,Proficient,Proficient,Proficient,Proficient,Proficient,Proficient,Proficient,2016-12-01T00:00:00.000,2.43,2.05,0.437,0.563,0.152,0.305,0.026,Bronx,2016-17,241776.0,14825.0,17974.0,19579.0,19611.0,18943.0,18505.0,17824.0,17207.0,16610.0,16436.0,18551.0,17140.0,13948.0,14623.0,116584.0,0.482,125190.0,0.518,11109.0,0.046,66913.0,0.277,149741.0,0.619,797.0,0.003,2110.0,0.009,10381.0,0.043,725.0,0.003,55462.0,0.229,41129.0,0.17,197520.0,0.817,0.774
07X495,University Heights Secondary School,High School,581,,,,,,,Proficient,Proficient,Proficient,Well Developed,Proficient,No Data,No Data,No Data,No Data,No Data,2015-03-19T00:00:00.000,3.35,3.33,0.59,0.41,0.026,0.177,0.0,Bronx,2014-15,,,,,,,,,,,,,,,,,,,,,,,,,,,,,,,,,,,,,,,,
07X500,Hostos-Lincoln Academy of Science,High School,371,0.81,0.84,0.78,0.88,0.87,0.93,Proficient,Developing,Proficient,Well Developed,Proficient,Proficient,Proficient,Proficient,Proficient,Proficient,2017-02-01T00:00:00.000,3.13,2.85,0.504,0.496,0.024,0.175,0.005,Bronx,2016-17,241776.0,14825.0,17974.0,19579.0,19611.0,18943.0,18505.0,17824.0,17207.0,16610.0,16436.0,18551.0,17140.0,13948.0,14623.0,116584.0,0.482,125190.0,0.518,11109.0,0.046,66913.0,0.277,149741.0,0.619,797.0,0.003,2110.0,0.009,10381.0,0.043,725.0,0.003,55462.0,0.229,41129.0,0.17,197520.0,0.817,0.774
07X522,Bronx Design and Construction Academy,High School,382,0.71,0.72,0.69,0.74,0.84,0.84,Proficient,Developing,Proficient,Proficient,Proficient,No Data,No Data,No Data,No Data,No Data,2016-03-03T00:00:00.000,2.54,2.38,0.136,0.864,0.089,0.374,0.037,Bronx,2015-16,,,,,,,,,,,,,,,,,,,,,,,,,,,,,,,,,,,,,,,,
07X527,Bronx Leadership Academy II High School,High School,496,0.73,0.73,0.72,0.78,0.92,0.79,Proficient,Proficient,Developing,Well Developed,Well Developed,Well Developed,Proficient,Proficient,Well Developed,Proficient,2017-11-01T00:00:00.000,2.55,2.25,0.45,0.55,0.123,0.296,0.038,Bronx,2017-18,239955.0,14948.0,17812.0,18598.0,19008.0,18940.0,18535.0,18173.0,17152.0,17039.0,16604.0,17860.0,16643.0,14038.0,14605.0,115867.0,0.483,124084.0,0.517,11458.0,0.048,65599.0,0.273,148849.0,0.62,928.0,0.004,2154.0,0.009,10531.0,0.044,436.0,0.002,55719.0,0.232,41316.0,0.172,208334.0,0.868,0.857
07X548,Careers in Sports High School,High School,499,0.62,0.93,0.71,,,0.81,Proficient,Proficient,Proficient,Proficient,Well Developed,Well Developed,Well Developed,Proficient,Proficient,Proficient,2017-03-01T00:00:00.000,2.54,2.42,0.248,0.752,0.154,0.273,0.0,Bronx,2016-17,241776.0,14825.0,17974.0,19579.0,19611.0,18943.0,18505.0,17824.0,17207.0,16610.0,16436.0,18551.0,17140.0,13948.0,14623.0,116584.0,0.482,125190.0,0.518,11109.0,0.046,66913.0,0.277,149741.0,0.619,797.0,0.003,2110.0,0.009,10381.0,0.043,725.0,0.003,55462.0,0.229,41129.0,0.17,197520.0,0.817,0.774
07X551,The Urban Assembly Bronx Academy of Letters,High School,333,0.78,0.86,0.72,0.9,0.93,0.94,Well Developed,Well Developed,Well Developed,Well Developed,Proficient,Well Developed,Well Developed,Proficient,Proficient,Proficient,2017-05-01T00:00:00.000,2.5,2.06,0.489,0.511,0.108,0.24,0.084,Bronx,2016-17,241776.0,14825.0,17974.0,19579.0,19611.0,18943.0,18505.0,17824.0,17207.0,16610.0,16436.0,18551.0,17140.0,13948.0,14623.0,116584.0,0.482,125190.0,0.518,11109.0,0.046,66913.0,0.277,149741.0,0.619,797.0,0.003,2110.0,0.009,10381.0,0.043,725.0,0.003,55462.0,0.229,41129.0,0.17,197520.0,0.817,0.774
07X600,Alfred E. Smith Career and Technical Education Hig,High School,435,0.76,0.8,0.65,0.83,0.87,0.83,Developing,Developing,Developing,Proficient,Developing,Proficient,Proficient,Proficient,Proficient,Developing,2017-05-01T00:00:00.000,2.47,2.27,0.124,0.876,0.154,0.269,0.048,Bronx,2016-17,241776.0,14825.0,17974.0,19579.0,19611.0,18943.0,18505.0,17824.0,17207.0,16610.0,16436.0,18551.0,17140.0,13948.0,14623.0,116584.0,0.482,125190.0,0.518,11109.0,0.046,66913.0,0.277,149741.0,0.619,797.0,0.003,2110.0,0.009,10381.0,0.043,725.0,0.003,55462.0,0.229,41129.0,0.17,197520.0,0.817,0.774
07X670,Health Opportunities High School,High School,476,,,,0.9,0.88,0.9,Developing,Developing,Developing,Proficient,Developing,Proficient,Proficient,Developing,Developing,Developing,2019-04-01T00:00:00.000,2.53,2.24,0.607,0.393,0.113,0.275,0.004,Bronx,2018-19,236267.0,15105.0,17259.0,18071.0,17962.0,18318.0,18426.0,18026.0,17405.0,16921.0,16833.0,17118.0,16289.0,13804.0,14730.0,114014.0,0.483,122253.0,0.517,11608.0,0.049,63949.0,0.271,146742.0,0.621,1016.0,0.004,2272.0,0.01,10219.0,0.043,461.0,0.002,55847.0,0.236,40055.0,0.17,203040.0,0.859,0.854
08X269,Bronx Studio School for Writers and Artists,High School,326,0.51,0.57,0.35,0.47,0.63,0.57,Proficient,Developing,Developing,Proficient,Proficient,Well Developed,Proficient,Proficient,Proficient,Proficient,2017-03-01T00:00:00.000,2.64,2.27,0.512,0.488,0.098,0.242,0.006,Bronx,2016-17,241776.0,14825.0,17974.0,19579.0,19611.0,18943.0,18505.0,17824.0,17207.0,16610.0,16436.0,18551.0,17140.0,13948.0,14623.0,116584.0,0.482,125190.0,0.518,11109.0,0.046,66913.0,0.277,149741.0,0.619,797.0,0.003,2110.0,0.009,10381.0,0.043,725.0,0.003,55462.0,0.229,41129.0,0.17,197520.0,0.817,0.774
08X282,Women's Academy of Excellence,High School,230,0.96,0.91,0.89,0.88,0.89,0.91,Proficient,Proficient,Proficient,Developing,Proficient,Proficient,Proficient,Proficient,Proficient,Proficient,2016-10-01T00:00:00.000,2.48,2.21,1.0,0.0,0.209,0.196,0.0,Bronx,2016-17,241776.0,14825.0,17974.0,19579.0,19611.0,18943.0,18505.0,17824.0,17207.0,16610.0,16436.0,18551.0,17140.0,13948.0,14623.0,116584.0,0.482,125190.0,0.518,11109.0,0.046,66913.0,0.277,149741.0,0.619,797.0,0.003,2110.0,0.009,10381.0,0.043,725.0,0.003,55462.0,0.229,41129.0,0.17,197520.0,0.817,0.774
08X293,Renaissance High School for Musical Theater and th,High School,431,0.8,0.92,0.82,0.96,0.83,0.94,Well Developed,Proficient,Proficient,Well Developed,Well Developed,Well Developed,Well Developed,Proficient,Well Developed,Well Developed,2019-03-01T00:00:00.000,2.65,2.34,0.592,0.408,0.039,0.216,0.002,Bronx,2018-19,236267.0,15105.0,17259.0,18071.0,17962.0,18318.0,18426.0,18026.0,17405.0,16921.0,16833.0,17118.0,16289.0,13804.0,14730.0,114014.0,0.483,122253.0,0.517,11608.0,0.049,63949.0,0.271,146742.0,0.621,1016.0,0.004,2272.0,0.01,10219.0,0.043,461.0,0.002,55847.0,0.236,40055.0,0.17,203040.0,0.859,0.854
08X312,Millennium Art Academy,High School,406,0.88,0.91,0.92,0.87,0.91,0.91,Developing,Developing,Developing,Proficient,Developing,Proficient,Proficient,Developing,Proficient,Developing,2017-03-01T00:00:00.000,2.74,2.35,0.586,0.414,0.047,0.232,0.0,Bronx,2016-17,241776.0,14825.0,17974.0,19579.0,19611.0,18943.0,18505.0,17824.0,17207.0,16610.0,16436.0,18551.0,17140.0,13948.0,14623.0,116584.0,0.482,125190.0,0.518,11109.0,0.046,66913.0,0.277,149741.0,0.619,797.0,0.003,2110.0,0.009,10381.0,0.043,725.0,0.003,55462.0,0.229,41129.0,0.17,197520.0,0.817,0.774
08X320,Pelham Lab High School,High School,450,0.71,0.78,0.63,0.85,0.94,0.95,Proficient,Developing,Proficient,Proficient,Proficient,Proficient,Proficient,Proficient,Proficient,Proficient,2017-12-01T00:00:00.000,2.68,2.36,0.456,0.544,0.144,0.198,0.007,Bronx,2017-18,239955.0,14948.0,17812.0,18598.0,19008.0,18940.0,18535.0,18173.0,17152.0,17039.0,16604.0,17860.0,16643.0,14038.0,14605.0,115867.0,0.483,124084.0,0.517,11458.0,0.048,65599.0,0.273,148849.0,0.62,928.0,0.004,2154.0,0.009,10531.0,0.044,436.0,0.002,55719.0,0.232,41316.0,0.172,208334.0,0.868,0.857
08X348,Schuylerville Preparatory High School,High School,383,,,,0.93,0.89,0.96,Proficient,Developing,Developing,Proficient,Proficient,Proficient,Proficient,Proficient,Proficient,Proficient,2017-01-01T00:00:00.000,2.62,2.31,0.426,0.574,0.149,0.225,0.003,Bronx,2016-17,241776.0,14825.0,17974.0,19579.0,19611.0,18943.0,18505.0,17824.0,17207.0,16610.0,16436.0,18551.0,17140.0,13948.0,14623.0,116584.0,0.482,125190.0,0.518,11109.0,0.046,66913.0,0.277,149741.0,0.619,797.0,0.003,2110.0,0.009,10381.0,0.043,725.0,0.003,55462.0,0.229,41129.0,0.17,197520.0,0.817,0.774
08X349,Bronx River High School,High School,460,0.87,0.84,0.82,0.93,0.87,0.89,Proficient,Proficient,Proficient,Well Developed,Well Developed,Proficient,Well Developed,Proficient,Well Developed,Proficient,2018-02-01T00:00:00.000,2.54,2.33,0.391,0.609,0.141,0.257,0.007,Bronx,2017-18,239955.0,14948.0,17812.0,18598.0,19008.0,18940.0,18535.0,18173.0,17152.0,17039.0,16604.0,17860.0,16643.0,14038.0,14605.0,115867.0,0.483,124084.0,0.517,11458.0,0.048,65599.0,0.273,148849.0,0.62,928.0,0.004,2154.0,0.009,10531.0,0.044,436.0,0.002,55719.0,0.232,41316.0,0.172,208334.0,0.868,0.857
08X367,"Archimedes Academy for Math, Science and Technolog",High School,322,,,,,,,Proficient,Proficient,Proficient,Proficient,Developing,Well Developed,Proficient,Proficient,Proficient,Proficient,2017-02-01T00:00:00.000,2.55,2.3,0.382,0.618,0.121,0.27,0.081,Bronx,2016-17,241776.0,14825.0,17974.0,19579.0,19611.0,18943.0,18505.0,17824.0,17207.0,16610.0,16436.0,18551.0,17140.0,13948.0,14623.0,116584.0,0.482,125190.0,0.518,11109.0,0.046,66913.0,0.277,149741.0,0.619,797.0,0.003,2110.0,0.009,10381.0,0.043,725.0,0.003,55462.0,0.229,41129.0,0.17,197520.0,0.817,0.774
08X376,Antonia Pantoja Preparatory Academy: A College Boa,High School,228,0.71,0.88,0.63,0.88,0.92,0.92,Developing,Developing,Developing,Proficient,Developing,Proficient,Proficient,Proficient,Proficient,Developing,2017-03-01T00:00:00.000,2.57,2.08,0.399,0.601,0.149,0.268,0.0,Bronx,2016-17,241776.0,14825.0,17974.0,19579.0,19611.0,18943.0,18505.0,17824.0,17207.0,16610.0,16436.0,18551.0,17140.0,13948.0,14623.0,116584.0,0.482,125190.0,0.518,11109.0,0.046,66913.0,0.277,149741.0,0.619,797.0,0.003,2110.0,0.009,10381.0,0.043,725.0,0.003,55462.0,0.229,41129.0,0.17,197520.0,0.817,0.774
08X405,Herbert H. Lehman High School,High School,898,,,,0.92,0.85,0.9,Proficient,Developing,Proficient,Proficient,Proficient,Proficient,Proficient,Proficient,Proficient,Proficient,2018-04-01T00:00:00.000,2.78,2.52,0.403,0.597,0.11,0.235,0.04,Bronx,2017-18,239955.0,14948.0,17812.0,18598.0,19008.0,18940.0,18535.0,18173.0,17152.0,17039.0,16604.0,17860.0,16643.0,14038.0,14605.0,115867.0,0.483,124084.0,0.517,11458.0,0.048,65599.0,0.273,148849.0,0.62,928.0,0.004,2154.0,0.009,10531.0,0.044,436.0,0.002,55719.0,0.232,41316.0,0.172,208334.0,0.868,0.857
08X432,Bronx Bridges High School,High School,341,0.87,0.96,0.85,0.96,0.95,0.94,Developing,Developing,Proficient,Well Developed,Proficient,No Data,No Data,No Data,No Data,No Data,2015-01-08T00:00:00.000,1.95,1.91,0.428,0.572,0.762,0.114,0.003,Bronx,2014-15,,,,,,,,,,,,,,,,,,,,,,,,,,,,,,,,,,,,,,,,
08X452,Gotham Collaborative High School,High School,485,0.72,0.86,0.67,0.93,0.91,0.92,Proficient,Proficient,Proficient,Well Developed,Proficient,No Data,No Data,No Data,No Data,No Data,2015-05-08T00:00:00.000,2.46,2.21,0.392,0.608,0.134,0.256,0.004,Bronx,2014-15,,,,,,,,,,,,,,,,,,,,,,,,,,,,,,,,,,,,,,,,
08X530,Longwood Preparatory Academy,High School,328,0.78,0.92,0.73,0.96,0.96,0.93,Proficient,Proficient,Proficient,Proficient,Well Developed,Well Developed,Proficient,Proficient,Well Developed,Proficient,2018-05-01T00:00:00.000,2.4,2.06,0.473,0.527,0.159,0.305,0.009,Bronx,2017-18,239955.0,14948.0,17812.0,18598.0,19008.0,18940.0,18535.0,18173.0,17152.0,17039.0,16604.0,17860.0,16643.0,14038.0,14605.0,115867.0,0.483,124084.0,0.517,11458.0,0.048,65599.0,0.273,148849.0,0.62,928.0,0.004,2154.0,0.009,10531.0,0.044,436.0,0.002,55719.0,0.232,41316.0,0.172,208334.0,0.868,0.857
08X558,Westchester Square Academy,High School,508,0.72,0.78,0.64,0.8,0.82,0.85,Well Developed,Developing,Developing,Proficient,Proficient,Proficient,Proficient,Proficient,Proficient,Proficient,2019-05-01T00:00:00.000,2.81,2.52,0.453,0.547,0.087,0.207,0.01,Bronx,2018-19,236267.0,15105.0,17259.0,18071.0,17962.0,18318.0,18426.0,18026.0,17405.0,16921.0,16833.0,17118.0,16289.0,13804.0,14730.0,114014.0,0.483,122253.0,0.517,11608.0,0.049,63949.0,0.271,146742.0,0.621,1016.0,0.004,2272.0,0.01,10219.0,0.043,461.0,0.002,55847.0,0.236,40055.0,0.17,203040.0,0.859,0.854
08X559,School for Tourism and Hospitality,High School,249,0.5,0.58,0.5,0.54,0.87,0.8,Proficient,Developing,Developing,Proficient,Developing,Developing,Proficient,Proficient,Proficient,Proficient,2017-03-01T00:00:00.000,2.36,2.03,0.598,0.402,0.233,0.345,0.016,Bronx,2016-17,241776.0,14825.0,17974.0,19579.0,19611.0,18943.0,18505.0,17824.0,17207.0,16610.0,16436.0,18551.0,17140.0,13948.0,14623.0,116584.0,0.482,125190.0,0.518,11109.0,0.046,66913.0,0.277,149741.0,0.619,797.0,0.003,2110.0,0.009,10381.0,0.043,725.0,0.003,55462.0,0.229,41129.0,0.17,197520.0,0.817,0.774
08X561,Bronx Compass High School,High School,374,0.77,0.83,0.64,0.79,0.66,0.85,Developing,Developing,Developing,Developing,Under Developed,Developing,Developing,Developing,Developing,Developing,2017-04-01T00:00:00.000,2.65,2.43,0.369,0.631,0.112,0.265,0.011,Bronx,2016-17,241776.0,14825.0,17974.0,19579.0,19611.0,18943.0,18505.0,17824.0,17207.0,16610.0,16436.0,18551.0,17140.0,13948.0,14623.0,116584.0,0.482,125190.0,0.518,11109.0,0.046,66913.0,0.277,149741.0,0.619,797.0,0.003,2110.0,0.009,10381.0,0.043,725.0,0.003,55462.0,0.229,41129.0,0.17,197520.0,0.817,0.774
09X227,Bronx Collegiate Academy,High School,350,0.86,0.97,0.81,0.98,0.84,0.91,Proficient,Proficient,Proficient,Well Developed,Well Developed,Well Developed,Well Developed,Proficient,Well Developed,Proficient,2018-04-01T00:00:00.000,2.55,2.25,0.517,0.483,0.149,0.251,0.011,Bronx,2017-18,239955.0,14948.0,17812.0,18598.0,19008.0,18940.0,18535.0,18173.0,17152.0,17039.0,16604.0,17860.0,16643.0,14038.0,14605.0,115867.0,0.483,124084.0,0.517,11458.0,0.048,65599.0,0.273,148849.0,0.62,928.0,0.004,2154.0,0.009,10531.0,0.044,436.0,0.002,55719.0,0.232,41316.0,0.172,208334.0,0.868,0.857
09X231,Eagle Academy for Young Men,High School,289,0.69,0.87,0.61,0.9,0.84,0.9,Proficient,Developing,Developing,Proficient,Proficient,Well Developed,Proficient,Proficient,Proficient,Developing,2017-05-01T00:00:00.000,2.48,2.5,0.0,1.0,0.048,0.277,0.055,Bronx,2016-17,241776.0,14825.0,17974.0,19579.0,19611.0,18943.0,18505.0,17824.0,17207.0,16610.0,16436.0,18551.0,17140.0,13948.0,14623.0,116584.0,0.482,125190.0,0.518,11109.0,0.046,66913.0,0.277,149741.0,0.619,797.0,0.003,2110.0,0.009,10381.0,0.043,725.0,0.003,55462.0,0.229,41129.0,0.17,197520.0,0.817,0.774
09X241,Urban Assembly School for Applied Math and Science,High School,341,0.74,0.83,0.7,0.87,0.91,0.9,Proficient,Proficient,Developing,Proficient,Developing,Proficient,Well Developed,Proficient,Well Developed,Proficient,2019-01-01T00:00:00.000,2.61,2.76,0.469,0.531,0.103,0.293,0.018,Bronx,2018-19,236267.0,15105.0,17259.0,18071.0,17962.0,18318.0,18426.0,18026.0,17405.0,16921.0,16833.0,17118.0,16289.0,13804.0,14730.0,114014.0,0.483,122253.0,0.517,11608.0,0.049,63949.0,0.271,146742.0,0.621,1016.0,0.004,2272.0,0.01,10219.0,0.043,461.0,0.002,55847.0,0.236,40055.0,0.17,203040.0,0.859,0.854
09X250,Eximius College Preparatory Academy: A College Boa,High School,393,0.91,0.86,0.81,0.89,0.98,0.91,Well Developed,Proficient,Proficient,Well Developed,Well Developed,Well Developed,Well Developed,Proficient,Well Developed,Well Developed,2020-02-01T00:00:00.000,2.86,2.61,0.545,0.455,0.071,0.242,0.003,Bronx,2019-20,235448.0,17990.0,17103.0,17680.0,17598.0,17462.0,17981.0,18216.0,17498.0,17260.0,16785.0,17243.0,15699.0,13611.0,13322.0,113952.0,0.484,121496.0,0.516,11739.0,0.05,63136.0,0.268,145870.0,0.62,1125.0,0.005,2208.0,0.009,10003.0,0.042,1367.0,0.006,54899.0,0.233,37509.0,0.159,202976.0,0.862,0.868
09X252,Mott Hall Bronx High School,High School,356,0.56,0.47,0.61,0.42,0.63,0.68,Proficient,Proficient,Proficient,Well Developed,Proficient,Well Developed,Well Developed,Proficient,Proficient,Proficient,2017-10-01T00:00:00.000,2.66,2.38,0.528,0.472,0.084,0.247,0.011,Bronx,2017-18,239955.0,14948.0,17812.0,18598.0,19008.0,18940.0,18535.0,18173.0,17152.0,17039.0,16604.0,17860.0,16643.0,14038.0,14605.0,115867.0,0.483,124084.0,0.517,11458.0,0.048,65599.0,0.273,148849.0,0.62,928.0,0.004,2154.0,0.009,10531.0,0.044,436.0,0.002,55719.0,0.232,41316.0,0.172,208334.0,0.868,0.857
09X260,Bronx Center for Science and Mathematics,High School,441,0.76,0.9,0.78,0.9,0.86,0.94,Proficient,Well Developed,Proficient,Proficient,Proficient,Proficient,Proficient,Proficient,Proficient,Proficient,2019-11-01T00:00:00.000,3.04,2.93,0.522,0.478,0.05,0.211,0.034,Bronx,2019-20,235448.0,17990.0,17103.0,17680.0,17598.0,17462.0,17981.0,18216.0,17498.0,17260.0,16785.0,17243.0,15699.0,13611.0,13322.0,113952.0,0.484,121496.0,0.516,11739.0,0.05,63136.0,0.268,145870.0,0.62,1125.0,0.005,2208.0,0.009,10003.0,0.042,1367.0,0.006,54899.0,0.233,37509.0,0.159,202976.0,0.862,0.868
09X263,Validus Preparatory Academy,High School,359,0.67,0.78,0.69,0.8,0.9,0.85,Proficient,Developing,Developing,Proficient,Proficient,Proficient,Proficient,Proficient,Proficient,Proficient,2017-03-01T00:00:00.000,2.53,2.22,0.513,0.487,0.117,0.251,0.061,Bronx,2016-17,241776.0,14825.0,17974.0,19579.0,19611.0,18943.0,18505.0,17824.0,17207.0,16610.0,16436.0,18551.0,17140.0,13948.0,14623.0,116584.0,0.482,125190.0,0.518,11109.0,0.046,66913.0,0.277,149741.0,0.619,797.0,0.003,2110.0,0.009,10381.0,0.043,725.0,0.003,55462.0,0.229,41129.0,0.17,197520.0,0.817,0.774
09X297,Morris Academy for Collaborative Studies,High School,432,0.84,0.93,0.84,0.95,0.98,0.96,Well Developed,Proficient,Proficient,Proficient,Well Developed,Well Developed,Well Developed,Proficient,Well Developed,Well Developed,2017-11-01T00:00:00.000,2.59,2.29,0.521,0.479,0.127,0.252,0.035,Bronx,2017-18,239955.0,14948.0,17812.0,18598.0,19008.0,18940.0,18535.0,18173.0,17152.0,17039.0,16604.0,17860.0,16643.0,14038.0,14605.0,115867.0,0.483,124084.0,0.517,11458.0,0.048,65599.0,0.273,148849.0,0.62,928.0,0.004,2154.0,0.009,10531.0,0.044,436.0,0.002,55719.0,0.232,41316.0,0.172,208334.0,0.868,0.857
09X324,Bronx Early College Academy for Teaching & Learnin,High School,283,,,,0.86,0.92,0.92,Well Developed,Proficient,Proficient,Well Developed,Proficient,Well Developed,Proficient,Proficient,Well Developed,Proficient,2017-05-01T00:00:00.000,3.05,2.86,0.459,0.541,0.042,0.194,0.004,Bronx,2016-17,241776.0,14825.0,17974.0,19579.0,19611.0,18943.0,18505.0,17824.0,17207.0,16610.0,16436.0,18551.0,17140.0,13948.0,14623.0,116584.0,0.482,125190.0,0.518,11109.0,0.046,66913.0,0.277,149741.0,0.619,797.0,0.003,2110.0,0.009,10381.0,0.043,725.0,0.003,55462.0,0.229,41129.0,0.17,197520.0,0.817,0.774
09X327,Comprehensive Model School Project M.S. 327,High School,406,0.84,0.87,0.81,0.91,0.91,0.96,Proficient,Proficient,Proficient,Well Developed,Well Developed,Well Developed,Well Developed,Proficient,Proficient,Proficient,2019-03-01T00:00:00.000,2.84,2.97,0.448,0.552,0.113,0.288,0.101,Bronx,2018-19,236267.0,15105.0,17259.0,18071.0,17962.0,18318.0,18426.0,18026.0,17405.0,16921.0,16833.0,17118.0,16289.0,13804.0,14730.0,114014.0,0.483,122253.0,0.517,11608.0,0.049,63949.0,0.271,146742.0,0.621,1016.0,0.004,2272.0,0.01,10219.0,0.043,461.0,0.002,55847.0,0.236,40055.0,0.17,203040.0,0.859,0.854
09X329,DreamYard Preparatory School,High School,271,0.9,0.92,0.87,0.94,0.92,0.95,Proficient,Proficient,Proficient,Proficient,Well Developed,Well Developed,Proficient,Proficient,Proficient,Proficient,2017-03-01T00:00:00.000,2.52,2.31,0.568,0.432,0.192,0.229,0.007,Bronx,2016-17,241776.0,14825.0,17974.0,19579.0,19611.0,18943.0,18505.0,17824.0,17207.0,16610.0,16436.0,18551.0,17140.0,13948.0,14623.0,116584.0,0.482,125190.0,0.518,11109.0,0.046,66913.0,0.277,149741.0,0.619,797.0,0.003,2110.0,0.009,10381.0,0.043,725.0,0.003,55462.0,0.229,41129.0,0.17,197520.0,0.817,0.774
09X365,Academy for Language and Technology,High School,331,0.88,0.86,0.92,0.9,0.94,0.95,Well Developed,Well Developed,Well Developed,Well Developed,Well Developed,No Data,No Data,No Data,No Data,No Data,2016-01-07T00:00:00.000,1.96,2.14,0.45,0.55,0.668,0.051,0.0,Bronx,2015-16,,,,,,,,,,,,,,,,,,,,,,,,,,,,,,,,,,,,,,,,
09X403,Bronx International High School,High School,375,0.81,0.96,0.81,0.95,0.86,0.93,Proficient,Proficient,Proficient,Well Developed,Well Developed,Proficient,Proficient,Proficient,Proficient,Proficient,2018-05-01T00:00:00.000,1.91,1.97,0.528,0.472,0.88,0.045,0.003,Bronx,2017-18,239955.0,14948.0,17812.0,18598.0,19008.0,18940.0,18535.0,18173.0,17152.0,17039.0,16604.0,17860.0,16643.0,14038.0,14605.0,115867.0,0.483,124084.0,0.517,11458.0,0.048,65599.0,0.273,148849.0,0.62,928.0,0.004,2154.0,0.009,10531.0,0.044,436.0,0.002,55719.0,0.232,41316.0,0.172,208334.0,0.868,0.857
09X404,School for Excellence,High School,249,0.59,0.56,0.57,0.44,0.78,0.56,Developing,Developing,Developing,Developing,Developing,Proficient,Developing,Developing,Developing,Developing,2017-03-01T00:00:00.000,2.27,1.99,0.478,0.522,0.257,0.257,0.004,Bronx,2016-17,241776.0,14825.0,17974.0,19579.0,19611.0,18943.0,18505.0,17824.0,17207.0,16610.0,16436.0,18551.0,17140.0,13948.0,14623.0,116584.0,0.482,125190.0,0.518,11109.0,0.046,66913.0,0.277,149741.0,0.619,797.0,0.003,2110.0,0.009,10381.0,0.043,725.0,0.003,55462.0,0.229,41129.0,0.17,197520.0,0.817,0.774
09X412,Bronx High School of Business,High School,303,0.74,0.74,0.71,0.78,0.83,0.85,Proficient,Developing,Proficient,Proficient,Proficient,Proficient,Proficient,Proficient,Proficient,Proficient,2018-03-01T00:00:00.000,2.33,2.05,0.416,0.584,0.363,0.238,0.01,Bronx,2017-18,239955.0,14948.0,17812.0,18598.0,19008.0,18940.0,18535.0,18173.0,17152.0,17039.0,16604.0,17860.0,16643.0,14038.0,14605.0,115867.0,0.483,124084.0,0.517,11458.0,0.048,65599.0,0.273,148849.0,0.62,928.0,0.004,2154.0,0.009,10531.0,0.044,436.0,0.002,55719.0,0.232,41316.0,0.172,208334.0,0.868,0.857
09X413,Bronx High School for Medical Science,High School,284,0.89,0.92,0.86,0.92,0.93,0.98,Proficient,Developing,Developing,Proficient,Developing,Proficient,Proficient,Proficient,Proficient,Proficient,2017-04-01T00:00:00.000,3.04,2.98,0.574,0.426,0.07,0.225,0.092,Bronx,2016-17,241776.0,14825.0,17974.0,19579.0,19611.0,18943.0,18505.0,17824.0,17207.0,16610.0,16436.0,18551.0,17140.0,13948.0,14623.0,116584.0,0.482,125190.0,0.518,11109.0,0.046,66913.0,0.277,149741.0,0.619,797.0,0.003,2110.0,0.009,10381.0,0.043,725.0,0.003,55462.0,0.229,41129.0,0.17,197520.0,0.817,0.774
09X505,"Bronx School for Law, Government and Justice",High School,466,0.72,0.85,0.68,0.97,0.91,0.91,Proficient,Developing,Developing,Proficient,Proficient,Proficient,Proficient,Proficient,Proficient,Proficient,2017-10-01T00:00:00.000,3.09,2.67,0.59,0.41,0.073,0.219,0.03,Bronx,2017-18,239955.0,14948.0,17812.0,18598.0,19008.0,18940.0,18535.0,18173.0,17152.0,17039.0,16604.0,17860.0,16643.0,14038.0,14605.0,115867.0,0.483,124084.0,0.517,11458.0,0.048,65599.0,0.273,148849.0,0.62,928.0,0.004,2154.0,0.009,10531.0,0.044,436.0,0.002,55719.0,0.232,41316.0,0.172,208334.0,0.868,0.857
09X517,Frederick Douglass Academy III Secondary School,High School,333,0.68,0.86,0.74,0.91,0.93,0.92,Well Developed,Proficient,Proficient,Proficient,Proficient,Proficient,Proficient,Proficient,Proficient,Proficient,2018-02-01T00:00:00.000,2.4,2.08,0.453,0.547,0.183,0.276,0.009,Bronx,2017-18,239955.0,14948.0,17812.0,18598.0,19008.0,18940.0,18535.0,18173.0,17152.0,17039.0,16604.0,17860.0,16643.0,14038.0,14605.0,115867.0,0.483,124084.0,0.517,11458.0,0.048,65599.0,0.273,148849.0,0.62,928.0,0.004,2154.0,0.009,10531.0,0.044,436.0,0.002,55719.0,0.232,41316.0,0.172,208334.0,0.868,0.857
09X525,Bronx Leadership Academy High School,High School,466,0.67,0.7,0.72,0.66,0.78,0.59,Well Developed,Developing,Proficient,Well Developed,Proficient,Proficient,Proficient,Proficient,Proficient,Proficient,2017-04-01T00:00:00.000,2.41,2.1,0.466,0.534,0.157,0.283,0.006,Bronx,2016-17,241776.0,14825.0,17974.0,19579.0,19611.0,18943.0,18505.0,17824.0,17207.0,16610.0,16436.0,18551.0,17140.0,13948.0,14623.0,116584.0,0.482,125190.0,0.518,11109.0,0.046,66913.0,0.277,149741.0,0.619,797.0,0.003,2110.0,0.009,10381.0,0.043,725.0,0.003,55462.0,0.229,41129.0,0.17,197520.0,0.817,0.774
09X543,High School for Violin and Dance,High School,225,0.8,0.86,0.74,0.86,0.87,0.92,Proficient,Developing,Proficient,Proficient,Proficient,Proficient,Proficient,Proficient,Proficient,Proficient,2017-03-01T00:00:00.000,2.37,2.12,0.711,0.289,0.182,0.307,0.0,Bronx,2016-17,241776.0,14825.0,17974.0,19579.0,19611.0,18943.0,18505.0,17824.0,17207.0,16610.0,16436.0,18551.0,17140.0,13948.0,14623.0,116584.0,0.482,125190.0,0.518,11109.0,0.046,66913.0,0.277,149741.0,0.619,797.0,0.003,2110.0,0.009,10381.0,0.043,725.0,0.003,55462.0,0.229,41129.0,0.17,197520.0,0.817,0.774
09X564,Claremont International HS,High School,363,0.8,0.98,0.78,1.0,0.97,0.96,Well Developed,Well Developed,Proficient,Well Developed,Well Developed,No Data,No Data,No Data,No Data,No Data,2015-04-15T00:00:00.000,1.81,1.95,0.504,0.496,0.837,0.08,0.003,Bronx,2014-15,,,,,,,,,,,,,,,,,,,,,,,,,,,,,,,,,,,,,,,,
09X568,Young Women's Leadership School of the Bronx,High School,290,0.72,0.88,0.66,0.93,0.89,0.9,Well Developed,Proficient,Proficient,Proficient,Well Developed,Well Developed,Well Developed,Proficient,Proficient,Well Developed,2019-03-01T00:00:00.000,3.08,3.03,1.0,0.0,0.052,0.172,0.003,Bronx,2018-19,236267.0,15105.0,17259.0,18071.0,17962.0,18318.0,18426.0,18026.0,17405.0,16921.0,16833.0,17118.0,16289.0,13804.0,14730.0,114014.0,0.483,122253.0,0.517,11608.0,0.049,63949.0,0.271,146742.0,0.621,1016.0,0.004,2272.0,0.01,10219.0,0.043,461.0,0.002,55847.0,0.236,40055.0,0.17,203040.0,0.859,0.854
10X141,Riverdale / Kingsbridge Academy (Middle School / H,High School,731,0.74,0.85,0.64,0.85,0.88,0.86,Proficient,Proficient,Proficient,Well Developed,Proficient,Well Developed,Proficient,Proficient,Proficient,Proficient,2018-03-01T00:00:00.000,2.92,2.99,0.492,0.508,0.062,0.183,0.068,Bronx,2017-18,239955.0,14948.0,17812.0,18598.0,19008.0,18940.0,18535.0,18173.0,17152.0,17039.0,16604.0,17860.0,16643.0,14038.0,14605.0,115867.0,0.483,124084.0,0.517,11458.0,0.048,65599.0,0.273,148849.0,0.62,928.0,0.004,2154.0,0.009,10531.0,0.044,436.0,0.002,55719.0,0.232,41316.0,0.172,208334.0,0.868,0.857
10X213,Bronx Engineering and Technology Academy,High School,395,,,,0.91,0.92,0.88,Proficient,Proficient,Developing,Proficient,Proficient,Proficient,Proficient,Proficient,Proficient,Proficient,2017-03-01T00:00:00.000,2.58,2.4,0.157,0.843,0.177,0.246,0.0,Bronx,2016-17,241776.0,14825.0,17974.0,19579.0,19611.0,18943.0,18505.0,17824.0,17207.0,16610.0,16436.0,18551.0,17140.0,13948.0,14623.0,116584.0,0.482,125190.0,0.518,11109.0,0.046,66913.0,0.277,149741.0,0.619,797.0,0.003,2110.0,0.009,10381.0,0.043,725.0,0.003,55462.0,0.229,41129.0,0.17,197520.0,0.817,0.774
10X225,Theatre Arts Production Company School,High School,330,,,,0.94,0.91,0.94,Proficient,Proficient,Proficient,Proficient,Proficient,Well Developed,Well Developed,Proficient,Well Developed,Proficient,2018-03-01T00:00:00.000,2.72,2.47,0.679,0.321,0.085,0.245,0.024,Bronx,2017-18,239955.0,14948.0,17812.0,18598.0,19008.0,18940.0,18535.0,18173.0,17152.0,17039.0,16604.0,17860.0,16643.0,14038.0,14605.0,115867.0,0.483,124084.0,0.517,11458.0,0.048,65599.0,0.273,148849.0,0.62,928.0,0.004,2154.0,0.009,10531.0,0.044,436.0,0.002,55719.0,0.232,41316.0,0.172,208334.0,0.868,0.857
10X237,"The Marie Curie School for Medicine, Nursing, and",High School,383,,,,,,,Well Developed,Proficient,Proficient,Well Developed,Proficient,No Data,No Data,No Data,No Data,No Data,2014-12-22T00:00:00.000,2.65,2.3,0.697,0.303,0.12,0.219,0.021,Bronx,2014-15,,,,,,,,,,,,,,,,,,,,,,,,,,,,,,,,,,,,,,,,
10X243,West Bronx Academy for the Future,High School,328,0.72,0.86,0.63,0.9,0.89,0.89,Proficient,Developing,Developing,Proficient,Proficient,Well Developed,Proficient,Proficient,Proficient,Proficient,2017-02-01T00:00:00.000,2.68,2.41,0.436,0.564,0.104,0.265,0.052,Bronx,2016-17,241776.0,14825.0,17974.0,19579.0,19611.0,18943.0,18505.0,17824.0,17207.0,16610.0,16436.0,18551.0,17140.0,13948.0,14623.0,116584.0,0.482,125190.0,0.518,11109.0,0.046,66913.0,0.277,149741.0,0.619,797.0,0.003,2110.0,0.009,10381.0,0.043,725.0,0.003,55462.0,0.229,41129.0,0.17,197520.0,0.817,0.774
10X264,Bronx Academy for Software Engineering (BASE),High School,396,,,,,,,Proficient,Proficient,Developing,Proficient,Proficient,Proficient,Proficient,Proficient,Proficient,Proficient,2019-05-01T00:00:00.000,2.73,2.59,0.207,0.793,0.093,0.273,0.023,Bronx,2018-19,236267.0,15105.0,17259.0,18071.0,17962.0,18318.0,18426.0,18026.0,17405.0,16921.0,16833.0,17118.0,16289.0,13804.0,14730.0,114014.0,0.483,122253.0,0.517,11608.0,0.049,63949.0,0.271,146742.0,0.621,1016.0,0.004,2272.0,0.01,10219.0,0.043,461.0,0.002,55847.0,0.236,40055.0,0.17,203040.0,0.859,0.854
10X268,Kingsbridge International High School,High School,434,0.68,0.79,0.57,0.74,0.88,0.85,Developing,Developing,Developing,Developing,Developing,Developing,Developing,Developing,Developing,Developing,2017-03-01T00:00:00.000,1.82,2.0,0.468,0.532,0.857,0.048,0.0,Bronx,2016-17,241776.0,14825.0,17974.0,19579.0,19611.0,18943.0,18505.0,17824.0,17207.0,16610.0,16436.0,18551.0,17140.0,13948.0,14623.0,116584.0,0.482,125190.0,0.518,11109.0,0.046,66913.0,0.277,149741.0,0.619,797.0,0.003,2110.0,0.009,10381.0,0.043,725.0,0.003,55462.0,0.229,41129.0,0.17,197520.0,0.817,0.774
10X284,Bronx School of Law and Finance,High School,392,0.75,0.9,0.73,0.93,0.81,0.92,Proficient,Developing,Developing,Proficient,Developing,Proficient,Proficient,Proficient,Proficient,Proficient,2017-05-01T00:00:00.000,2.63,2.38,0.508,0.492,0.25,0.202,0.036,Bronx,2016-17,241776.0,14825.0,17974.0,19579.0,19611.0,18943.0,18505.0,17824.0,17207.0,16610.0,16436.0,18551.0,17140.0,13948.0,14623.0,116584.0,0.482,125190.0,0.518,11109.0,0.046,66913.0,0.277,149741.0,0.619,797.0,0.003,2110.0,0.009,10381.0,0.043,725.0,0.003,55462.0,0.229,41129.0,0.17,197520.0,0.817,0.774
10X342,International School for Liberal Arts,High School,370,0.79,0.83,0.76,0.87,0.89,0.89,Proficient,Developing,Developing,Proficient,Proficient,Well Developed,Proficient,Proficient,Well Developed,Proficient,2018-01-01T00:00:00.000,2.28,2.18,0.514,0.486,0.673,0.084,0.0,Bronx,2017-18,239955.0,14948.0,17812.0,18598.0,19008.0,18940.0,18535.0,18173.0,17152.0,17039.0,16604.0,17860.0,16643.0,14038.0,14605.0,115867.0,0.483,124084.0,0.517,11458.0,0.048,65599.0,0.273,148849.0,0.62,928.0,0.004,2154.0,0.009,10531.0,0.044,436.0,0.002,55719.0,0.232,41316.0,0.172,208334.0,0.868,0.857
10X351,Bronx Collaborative High School,High School,560,0.76,0.73,0.68,0.75,0.87,0.8,Proficient,Proficient,Proficient,Well Developed,Proficient,Well Developed,Well Developed,Proficient,Proficient,Proficient,2016-10-01T00:00:00.000,2.74,2.46,0.502,0.498,0.168,0.218,0.002,Bronx,2016-17,241776.0,14825.0,17974.0,19579.0,19611.0,18943.0,18505.0,17824.0,17207.0,16610.0,16436.0,18551.0,17140.0,13948.0,14623.0,116584.0,0.482,125190.0,0.518,11109.0,0.046,66913.0,0.277,149741.0,0.619,797.0,0.003,2110.0,0.009,10381.0,0.043,725.0,0.003,55462.0,0.229,41129.0,0.17,197520.0,0.817,0.774
10X353,World View High School,High School,583,0.81,0.88,0.81,0.89,0.93,0.91,Proficient,Proficient,Proficient,Well Developed,Well Developed,Proficient,Well Developed,Well Developed,Well Developed,Well Developed,2018-11-01T00:00:00.000,2.83,2.65,0.564,0.436,0.221,0.201,0.002,Bronx,2018-19,236267.0,15105.0,17259.0,18071.0,17962.0,18318.0,18426.0,18026.0,17405.0,16921.0,16833.0,17118.0,16289.0,13804.0,14730.0,114014.0,0.483,122253.0,0.517,11608.0,0.049,63949.0,0.271,146742.0,0.621,1016.0,0.004,2272.0,0.01,10219.0,0.043,461.0,0.002,55847.0,0.236,40055.0,0.17,203040.0,0.859,0.854
10X368,In-Tech Academy (M.S. / High School 368),High School,568,0.7,0.89,0.69,,,0.82,Well Developed,Proficient,Proficient,Well Developed,Proficient,Well Developed,Proficient,Proficient,Proficient,Proficient,2018-06-01T00:00:00.000,2.94,2.58,0.484,0.516,0.123,0.225,0.037,Bronx,2017-18,239955.0,14948.0,17812.0,18598.0,19008.0,18940.0,18535.0,18173.0,17152.0,17039.0,16604.0,17860.0,16643.0,14038.0,14605.0,115867.0,0.483,124084.0,0.517,11458.0,0.048,65599.0,0.273,148849.0,0.62,928.0,0.004,2154.0,0.009,10531.0,0.044,436.0,0.002,55719.0,0.232,41316.0,0.172,208334.0,0.868,0.857
10X374,Knowledge and Power Preparatory Academy Internatio,High School,421,0.83,0.89,0.81,0.87,0.91,0.94,Well Developed,Well Developed,Well Developed,Well Developed,Well Developed,Well Developed,Well Developed,Well Developed,Well Developed,Well Developed,2020-01-01T00:00:00.000,2.8,2.67,0.58,0.42,0.095,0.238,0.01,Bronx,2019-20,235448.0,17990.0,17103.0,17680.0,17598.0,17462.0,17981.0,18216.0,17498.0,17260.0,16785.0,17243.0,15699.0,13611.0,13322.0,113952.0,0.484,121496.0,0.516,11739.0,0.05,63136.0,0.268,145870.0,0.62,1125.0,0.005,2208.0,0.009,10003.0,0.042,1367.0,0.006,54899.0,0.233,37509.0,0.159,202976.0,0.862,0.868
10X433,High School for Teaching and the Professions,High School,414,0.89,0.89,0.86,0.93,0.99,0.93,Proficient,Proficient,Proficient,Proficient,Proficient,Well Developed,Proficient,Proficient,Proficient,Proficient,2017-03-01T00:00:00.000,2.59,2.36,0.507,0.493,0.239,0.229,0.002,Bronx,2016-17,241776.0,14825.0,17974.0,19579.0,19611.0,18943.0,18505.0,17824.0,17207.0,16610.0,16436.0,18551.0,17140.0,13948.0,14623.0,116584.0,0.482,125190.0,0.518,11109.0,0.046,66913.0,0.277,149741.0,0.619,797.0,0.003,2110.0,0.009,10381.0,0.043,725.0,0.003,55462.0,0.229,41129.0,0.17,197520.0,0.817,0.774
10X434,Belmont Preparatory High School,High School,389,0.65,0.86,0.78,0.85,0.82,0.91,Proficient,Proficient,Proficient,Proficient,Developing,Proficient,Proficient,Proficient,Proficient,Proficient,2018-01-01T00:00:00.000,2.72,2.57,0.537,0.463,0.087,0.221,0.033,Bronx,2017-18,239955.0,14948.0,17812.0,18598.0,19008.0,18940.0,18535.0,18173.0,17152.0,17039.0,16604.0,17860.0,16643.0,14038.0,14605.0,115867.0,0.483,124084.0,0.517,11458.0,0.048,65599.0,0.273,148849.0,0.62,928.0,0.004,2154.0,0.009,10531.0,0.044,436.0,0.002,55719.0,0.232,41316.0,0.172,208334.0,0.868,0.857
10X437,Fordham High School for the Arts,High School,369,,,,0.82,0.9,0.93,Well Developed,Well Developed,Well Developed,Well Developed,Well Developed,No Data,No Data,No Data,No Data,No Data,2016-03-15T00:00:00.000,3.06,2.8,0.707,0.293,0.019,0.23,0.003,Bronx,2015-16,,,,,,,,,,,,,,,,,,,,,,,,,,,,,,,,,,,,,,,,
10X438,Fordham Leadership Academy,High School,373,0.79,0.81,0.69,0.84,0.9,0.88,Proficient,Proficient,Proficient,Well Developed,Proficient,Proficient,Well Developed,Proficient,Well Developed,Proficient,2018-05-01T00:00:00.000,2.55,2.27,0.515,0.485,0.153,0.247,0.003,Bronx,2017-18,239955.0,14948.0,17812.0,18598.0,19008.0,18940.0,18535.0,18173.0,17152.0,17039.0,16604.0,17860.0,16643.0,14038.0,14605.0,115867.0,0.483,124084.0,0.517,11458.0,0.048,65599.0,0.273,148849.0,0.62,928.0,0.004,2154.0,0.009,10531.0,0.044,436.0,0.002,55719.0,0.232,41316.0,0.172,208334.0,0.868,0.857
10X439,Bronx High School for Law and Community Service,High School,406,0.87,0.93,0.89,0.94,0.88,0.95,Well Developed,Proficient,Proficient,Proficient,Proficient,Proficient,Well Developed,Proficient,Well Developed,Proficient,2018-05-01T00:00:00.000,2.77,2.46,0.579,0.421,0.118,0.234,0.025,Bronx,2017-18,239955.0,14948.0,17812.0,18598.0,19008.0,18940.0,18535.0,18173.0,17152.0,17039.0,16604.0,17860.0,16643.0,14038.0,14605.0,115867.0,0.483,124084.0,0.517,11458.0,0.048,65599.0,0.273,148849.0,0.62,928.0,0.004,2154.0,0.009,10531.0,0.044,436.0,0.002,55719.0,0.232,41316.0,0.172,208334.0,0.868,0.857
10X440,DeWitt Clinton High School,High School,975,0.72,0.79,0.72,0.75,0.82,0.79,Developing,Developing,Developing,Proficient,Proficient,Proficient,Proficient,Proficient,Proficient,Proficient,2018-03-01T00:00:00.000,2.8,2.59,0.45,0.55,0.108,0.205,0.024,Bronx,2017-18,239955.0,14948.0,17812.0,18598.0,19008.0,18940.0,18535.0,18173.0,17152.0,17039.0,16604.0,17860.0,16643.0,14038.0,14605.0,115867.0,0.483,124084.0,0.517,11458.0,0.048,65599.0,0.273,148849.0,0.62,928.0,0.004,2154.0,0.009,10531.0,0.044,436.0,0.002,55719.0,0.232,41316.0,0.172,208334.0,0.868,0.857
10X442,"Celia Cruz Bronx High School of Music, The",High School,441,0.81,0.87,0.74,0.88,0.93,0.9,Proficient,Proficient,Proficient,Proficient,Proficient,Well Developed,Proficient,Proficient,Proficient,Proficient,2019-03-01T00:00:00.000,3.08,2.8,0.651,0.349,0.043,0.209,0.005,Bronx,2018-19,236267.0,15105.0,17259.0,18071.0,17962.0,18318.0,18426.0,18026.0,17405.0,16921.0,16833.0,17118.0,16289.0,13804.0,14730.0,114014.0,0.483,122253.0,0.517,11608.0,0.049,63949.0,0.271,146742.0,0.621,1016.0,0.004,2272.0,0.01,10219.0,0.043,461.0,0.002,55847.0,0.236,40055.0,0.17,203040.0,0.859,0.854
10X445,The Bronx High School of Science,High School,2981,0.85,0.87,0.8,0.92,0.86,0.9,Well Developed,Proficient,Well Developed,Well Developed,Well Developed,Well Developed,Well Developed,Well Developed,Well Developed,Well Developed,2019-01-01T00:00:00.000,4.08,4.32,0.416,0.584,0.0,0.015,0.0,Bronx,2018-19,236267.0,15105.0,17259.0,18071.0,17962.0,18318.0,18426.0,18026.0,17405.0,16921.0,16833.0,17118.0,16289.0,13804.0,14730.0,114014.0,0.483,122253.0,0.517,11608.0,0.049,63949.0,0.271,146742.0,0.621,1016.0,0.004,2272.0,0.01,10219.0,0.043,461.0,0.002,55847.0,0.236,40055.0,0.17,203040.0,0.859,0.854
10X477,Marble Hill High School for International Studies,High School,442,0.81,0.91,0.8,0.93,0.83,0.93,Proficient,Proficient,Developing,Proficient,Proficient,Well Developed,Proficient,Proficient,Proficient,Developing,2020-02-01T00:00:00.000,2.9,2.9,0.559,0.441,0.247,0.158,0.0,Bronx,2019-20,235448.0,17990.0,17103.0,17680.0,17598.0,17462.0,17981.0,18216.0,17498.0,17260.0,16785.0,17243.0,15699.0,13611.0,13322.0,113952.0,0.484,121496.0,0.516,11739.0,0.05,63136.0,0.268,145870.0,0.62,1125.0,0.005,2208.0,0.009,10003.0,0.042,1367.0,0.006,54899.0,0.233,37509.0,0.159,202976.0,0.862,0.868
10X524,Crotona International High School,High School,338,0.7,0.67,0.74,0.61,0.9,0.79,Proficient,Developing,Proficient,Proficient,Proficient,Developing,Proficient,Proficient,Well Developed,Proficient,2017-05-01T00:00:00.000,1.75,1.91,0.473,0.527,0.953,0.059,0.0,Bronx,2016-17,241776.0,14825.0,17974.0,19579.0,19611.0,18943.0,18505.0,17824.0,17207.0,16610.0,16436.0,18551.0,17140.0,13948.0,14623.0,116584.0,0.482,125190.0,0.518,11109.0,0.046,66913.0,0.277,149741.0,0.619,797.0,0.003,2110.0,0.009,10381.0,0.043,725.0,0.003,55462.0,0.229,41129.0,0.17,197520.0,0.817,0.774
10X546,Bronx Theatre High School,High School,328,0.92,0.88,0.78,0.84,0.94,0.91,Proficient,Developing,Proficient,Proficient,Developing,Proficient,Proficient,Proficient,Proficient,Proficient,2017-02-01T00:00:00.000,2.63,2.2,0.677,0.323,0.037,0.207,0.006,Bronx,2016-17,241776.0,14825.0,17974.0,19579.0,19611.0,18943.0,18505.0,17824.0,17207.0,16610.0,16436.0,18551.0,17140.0,13948.0,14623.0,116584.0,0.482,125190.0,0.518,11109.0,0.046,66913.0,0.277,149741.0,0.619,797.0,0.003,2110.0,0.009,10381.0,0.043,725.0,0.003,55462.0,0.229,41129.0,0.17,197520.0,0.817,0.774
10X549,Discovery High School,High School,449,0.86,0.89,0.83,0.97,0.95,0.95,Well Developed,Well Developed,Well Developed,Well Developed,Well Developed,Well Developed,Well Developed,Well Developed,Well Developed,Well Developed,2017-12-01T00:00:00.000,2.55,2.27,0.454,0.546,0.194,0.245,0.0,Bronx,2017-18,239955.0,14948.0,17812.0,18598.0,19008.0,18940.0,18535.0,18173.0,17152.0,17039.0,16604.0,17860.0,16643.0,14038.0,14605.0,115867.0,0.483,124084.0,0.517,11458.0,0.048,65599.0,0.273,148849.0,0.62,928.0,0.004,2154.0,0.009,10531.0,0.044,436.0,0.002,55719.0,0.232,41316.0,0.172,208334.0,0.868,0.857
10X565,High School for Energy and Technology,High School,382,0.72,0.78,0.73,0.89,0.89,0.8,Proficient,Proficient,Proficient,Well Developed,Proficient,Proficient,Well Developed,Proficient,Proficient,Proficient,2018-03-01T00:00:00.000,2.63,2.4,0.249,0.751,0.118,0.277,0.026,Bronx,2017-18,239955.0,14948.0,17812.0,18598.0,19008.0,18940.0,18535.0,18173.0,17152.0,17039.0,16604.0,17860.0,16643.0,14038.0,14605.0,115867.0,0.483,124084.0,0.517,11458.0,0.048,65599.0,0.273,148849.0,0.62,928.0,0.004,2154.0,0.009,10531.0,0.044,436.0,0.002,55719.0,0.232,41316.0,0.172,208334.0,0.868,0.857
10X696,High School of American Studies at Lehman College,High School,382,,,,0.91,0.86,0.94,Well Developed,Well Developed,Proficient,Well Developed,Well Developed,No Data,No Data,No Data,No Data,No Data,2015-02-25T00:00:00.000,4.07,4.28,0.552,0.448,0.0,0.024,0.0,Bronx,2014-15,,,,,,,,,,,,,,,,,,,,,,,,,,,,,,,,,,,,,,,,
11X249,Bronx Health Sciences High School,High School,287,0.77,0.91,0.69,0.94,0.94,0.85,Proficient,Proficient,Proficient,Well Developed,Well Developed,Proficient,Proficient,Proficient,Well Developed,Proficient,2017-03-01T00:00:00.000,2.86,2.71,0.582,0.418,0.042,0.101,0.01,Bronx,2016-17,241776.0,14825.0,17974.0,19579.0,19611.0,18943.0,18505.0,17824.0,17207.0,16610.0,16436.0,18551.0,17140.0,13948.0,14623.0,116584.0,0.482,125190.0,0.518,11109.0,0.046,66913.0,0.277,149741.0,0.619,797.0,0.003,2110.0,0.009,10381.0,0.043,725.0,0.003,55462.0,0.229,41129.0,0.17,197520.0,0.817,0.774
11X253,Bronx High School for Writing and Communication Ar,High School,301,,,,,,,Proficient,Proficient,Proficient,Proficient,Proficient,Proficient,Proficient,Proficient,Proficient,Proficient,2016-12-01T00:00:00.000,2.62,2.26,0.495,0.505,0.14,0.223,0.013,Bronx,2016-17,241776.0,14825.0,17974.0,19579.0,19611.0,18943.0,18505.0,17824.0,17207.0,16610.0,16436.0,18551.0,17140.0,13948.0,14623.0,116584.0,0.482,125190.0,0.518,11109.0,0.046,66913.0,0.277,149741.0,0.619,797.0,0.003,2110.0,0.009,10381.0,0.043,725.0,0.003,55462.0,0.229,41129.0,0.17,197520.0,0.817,0.774
11X265,Bronx Lab School,High School,343,,,,,,,Proficient,Developing,Proficient,Proficient,Proficient,Developing,Proficient,Proficient,Proficient,Proficient,2016-12-01T00:00:00.000,2.54,2.27,0.391,0.609,0.155,0.265,0.076,Bronx,2016-17,241776.0,14825.0,17974.0,19579.0,19611.0,18943.0,18505.0,17824.0,17207.0,16610.0,16436.0,18551.0,17140.0,13948.0,14623.0,116584.0,0.482,125190.0,0.518,11109.0,0.046,66913.0,0.277,149741.0,0.619,797.0,0.003,2110.0,0.009,10381.0,0.043,725.0,0.003,55462.0,0.229,41129.0,0.17,197520.0,0.817,0.774
11X270,Academy for Scholarship and Entrepreneurship: A Co,High School,363,,,,,,,Proficient,Developing,Proficient,Proficient,Proficient,Proficient,Proficient,Proficient,Proficient,Proficient,2018-04-01T00:00:00.000,2.59,2.29,0.488,0.512,0.055,0.19,0.019,Bronx,2017-18,239955.0,14948.0,17812.0,18598.0,19008.0,18940.0,18535.0,18173.0,17152.0,17039.0,16604.0,17860.0,16643.0,14038.0,14605.0,115867.0,0.483,124084.0,0.517,11458.0,0.048,65599.0,0.273,148849.0,0.62,928.0,0.004,2154.0,0.009,10531.0,0.044,436.0,0.002,55719.0,0.232,41316.0,0.172,208334.0,0.868,0.857
11X275,High School of Computers and Technology,High School,542,0.77,0.83,0.79,0.88,0.89,0.9,Proficient,Proficient,Developing,Well Developed,Proficient,Well Developed,Proficient,Proficient,Proficient,Proficient,2018-05-01T00:00:00.000,2.75,2.61,0.159,0.841,0.089,0.247,0.031,Bronx,2017-18,239955.0,14948.0,17812.0,18598.0,19008.0,18940.0,18535.0,18173.0,17152.0,17039.0,16604.0,17860.0,16643.0,14038.0,14605.0,115867.0,0.483,124084.0,0.517,11458.0,0.048,65599.0,0.273,148849.0,0.62,928.0,0.004,2154.0,0.009,10531.0,0.044,436.0,0.002,55719.0,0.232,41316.0,0.172,208334.0,0.868,0.857
11X288,Collegiate Institute for Math and Science,High School,569,0.85,0.87,0.84,0.92,0.89,0.9,Proficient,Proficient,Proficient,Well Developed,Proficient,Well Developed,Proficient,Proficient,Proficient,Proficient,2017-05-01T00:00:00.000,3.18,3.13,0.432,0.568,0.03,0.149,0.012,Bronx,2016-17,241776.0,14825.0,17974.0,19579.0,19611.0,18943.0,18505.0,17824.0,17207.0,16610.0,16436.0,18551.0,17140.0,13948.0,14623.0,116584.0,0.482,125190.0,0.518,11109.0,0.046,66913.0,0.277,149741.0,0.619,797.0,0.003,2110.0,0.009,10381.0,0.043,725.0,0.003,55462.0,0.229,41129.0,0.17,197520.0,0.817,0.774
11X290,Bronx Academy of Health Careers,High School,359,0.77,0.89,0.66,0.89,0.9,0.87,Proficient,Developing,Developing,Well Developed,Proficient,Well Developed,Well Developed,Well Developed,Proficient,Proficient,2017-11-01T00:00:00.000,2.7,2.34,0.682,0.318,0.106,0.201,0.0,Bronx,2017-18,239955.0,14948.0,17812.0,18598.0,19008.0,18940.0,18535.0,18173.0,17152.0,17039.0,16604.0,17860.0,16643.0,14038.0,14605.0,115867.0,0.483,124084.0,0.517,11458.0,0.048,65599.0,0.273,148849.0,0.62,928.0,0.004,2154.0,0.009,10531.0,0.044,436.0,0.002,55719.0,0.232,41316.0,0.172,208334.0,0.868,0.857
11X299,Astor Collegiate Academy,High School,483,0.71,0.72,0.64,0.68,0.82,0.77,Proficient,Developing,Developing,Proficient,Developing,Developing,Proficient,Proficient,Proficient,Proficient,2017-05-01T00:00:00.000,2.76,2.57,0.439,0.561,0.075,0.199,0.014,Bronx,2016-17,241776.0,14825.0,17974.0,19579.0,19611.0,18943.0,18505.0,17824.0,17207.0,16610.0,16436.0,18551.0,17140.0,13948.0,14623.0,116584.0,0.482,125190.0,0.518,11109.0,0.046,66913.0,0.277,149741.0,0.619,797.0,0.003,2110.0,0.009,10381.0,0.043,725.0,0.003,55462.0,0.229,41129.0,0.17,197520.0,0.817,0.774
11X418,Bronx High School for the Visual Arts,High School,440,0.63,0.65,0.64,0.71,0.83,0.77,Proficient,Developing,Proficient,Developing,Proficient,Developing,Proficient,Proficient,Proficient,Proficient,2016-11-01T00:00:00.000,2.73,2.36,0.482,0.518,0.05,0.286,0.002,Bronx,2016-17,241776.0,14825.0,17974.0,19579.0,19611.0,18943.0,18505.0,17824.0,17207.0,16610.0,16436.0,18551.0,17140.0,13948.0,14623.0,116584.0,0.482,125190.0,0.518,11109.0,0.046,66913.0,0.277,149741.0,0.619,797.0,0.003,2110.0,0.009,10381.0,0.043,725.0,0.003,55462.0,0.229,41129.0,0.17,197520.0,0.817,0.774
11X455,Harry S Truman High School,High School,2172,0.83,0.86,0.85,0.9,0.86,0.91,Proficient,Proficient,Proficient,Proficient,Proficient,Proficient,Proficient,Developing,Proficient,Developing,2017-05-01T00:00:00.000,2.64,2.31,0.409,0.591,0.07,0.228,0.109,Bronx,2016-17,241776.0,14825.0,17974.0,19579.0,19611.0,18943.0,18505.0,17824.0,17207.0,16610.0,16436.0,18551.0,17140.0,13948.0,14623.0,116584.0,0.482,125190.0,0.518,11109.0,0.046,66913.0,0.277,149741.0,0.619,797.0,0.003,2110.0,0.009,10381.0,0.043,725.0,0.003,55462.0,0.229,41129.0,0.17,197520.0,0.817,0.774
11X508,Bronxdale High School,High School,448,0.83,0.94,0.78,0.96,0.95,0.96,Well Developed,Well Developed,Proficient,Well Developed,Proficient,Proficient,Proficient,Proficient,Proficient,Proficient,2018-10-01T00:00:00.000,2.8,2.51,0.489,0.511,0.069,0.239,0.0,Bronx,2018-19,236267.0,15105.0,17259.0,18071.0,17962.0,18318.0,18426.0,18026.0,17405.0,16921.0,16833.0,17118.0,16289.0,13804.0,14730.0,114014.0,0.483,122253.0,0.517,11608.0,0.049,63949.0,0.271,146742.0,0.621,1016.0,0.004,2272.0,0.01,10219.0,0.043,461.0,0.002,55847.0,0.236,40055.0,0.17,203040.0,0.859,0.854
11X509,High School of Language and Innovation,High School,366,,,,0.95,0.93,1.0,Proficient,Proficient,Proficient,Well Developed,Proficient,Well Developed,Proficient,Proficient,Well Developed,Proficient,2017-05-01T00:00:00.000,2.05,2.18,0.432,0.568,0.801,0.046,0.003,Bronx,2016-17,241776.0,14825.0,17974.0,19579.0,19611.0,18943.0,18505.0,17824.0,17207.0,16610.0,16436.0,18551.0,17140.0,13948.0,14623.0,116584.0,0.482,125190.0,0.518,11109.0,0.046,66913.0,0.277,149741.0,0.619,797.0,0.003,2110.0,0.009,10381.0,0.043,725.0,0.003,55462.0,0.229,41129.0,0.17,197520.0,0.817,0.774
11X513,New World High School,High School,365,0.79,0.91,0.79,0.93,0.87,0.93,Proficient,Proficient,Proficient,Well Developed,Proficient,Proficient,Well Developed,Well Developed,Proficient,Proficient,2019-02-01T00:00:00.000,2.11,2.19,0.537,0.463,0.63,0.066,0.0,Bronx,2018-19,236267.0,15105.0,17259.0,18071.0,17962.0,18318.0,18426.0,18026.0,17405.0,16921.0,16833.0,17118.0,16289.0,13804.0,14730.0,114014.0,0.483,122253.0,0.517,11608.0,0.049,63949.0,0.271,146742.0,0.621,1016.0,0.004,2272.0,0.01,10219.0,0.043,461.0,0.002,55847.0,0.236,40055.0,0.17,203040.0,0.859,0.854
11X514,The Bronxwood Preparatory Academy,High School,354,0.84,0.91,0.83,0.9,0.86,0.93,Well Developed,Proficient,Proficient,Well Developed,Proficient,Well Developed,Well Developed,Proficient,Well Developed,Proficient,2017-11-01T00:00:00.000,2.59,2.15,0.571,0.429,0.056,0.246,0.006,Bronx,2017-18,239955.0,14948.0,17812.0,18598.0,19008.0,18940.0,18535.0,18173.0,17152.0,17039.0,16604.0,17860.0,16643.0,14038.0,14605.0,115867.0,0.483,124084.0,0.517,11458.0,0.048,65599.0,0.273,148849.0,0.62,928.0,0.004,2154.0,0.009,10531.0,0.044,436.0,0.002,55719.0,0.232,41316.0,0.172,208334.0,0.868,0.857
11X542,Pelham Preparatory Academy,High School,495,0.7,0.89,0.77,0.89,0.83,0.91,Proficient,Proficient,Proficient,Well Developed,Well Developed,Well Developed,Well Developed,Proficient,Proficient,Proficient,2017-11-01T00:00:00.000,2.88,2.59,0.463,0.537,0.063,0.242,0.0,Bronx,2017-18,239955.0,14948.0,17812.0,18598.0,19008.0,18940.0,18535.0,18173.0,17152.0,17039.0,16604.0,17860.0,16643.0,14038.0,14605.0,115867.0,0.483,124084.0,0.517,11458.0,0.048,65599.0,0.273,148849.0,0.62,928.0,0.004,2154.0,0.009,10531.0,0.044,436.0,0.002,55719.0,0.232,41316.0,0.172,208334.0,0.868,0.857
11X544,High School for Contemporary Arts,High School,362,0.86,0.91,0.9,0.89,0.87,0.92,Proficient,Developing,Developing,Proficient,Proficient,Well Developed,Proficient,Well Developed,Proficient,Proficient,2017-03-01T00:00:00.000,2.49,2.14,0.566,0.434,0.171,0.238,0.064,Bronx,2016-17,241776.0,14825.0,17974.0,19579.0,19611.0,18943.0,18505.0,17824.0,17207.0,16610.0,16436.0,18551.0,17140.0,13948.0,14623.0,116584.0,0.482,125190.0,0.518,11109.0,0.046,66913.0,0.277,149741.0,0.619,797.0,0.003,2110.0,0.009,10381.0,0.043,725.0,0.003,55462.0,0.229,41129.0,0.17,197520.0,0.817,0.774
11X545,Bronx Aerospace High School,High School,263,0.8,0.95,0.61,0.94,0.89,0.93,Well Developed,Well Developed,Proficient,Proficient,Well Developed,Well Developed,Well Developed,Well Developed,Well Developed,Well Developed,2018-04-01T00:00:00.000,2.4,2.18,0.221,0.779,0.19,0.255,0.019,Bronx,2017-18,239955.0,14948.0,17812.0,18598.0,19008.0,18940.0,18535.0,18173.0,17152.0,17039.0,16604.0,17860.0,16643.0,14038.0,14605.0,115867.0,0.483,124084.0,0.517,11458.0,0.048,65599.0,0.273,148849.0,0.62,928.0,0.004,2154.0,0.009,10531.0,0.044,436.0,0.002,55719.0,0.232,41316.0,0.172,208334.0,0.868,0.857
12X242,Mott Hall V,High School,363,0.69,0.78,0.63,0.83,0.92,0.89,Proficient,Proficient,Proficient,Proficient,Proficient,Proficient,Proficient,Proficient,Proficient,Proficient,2018-11-01T00:00:00.000,2.68,2.38,0.504,0.496,0.099,0.259,0.077,Bronx,2018-19,236267.0,15105.0,17259.0,18071.0,17962.0,18318.0,18426.0,18026.0,17405.0,16921.0,16833.0,17118.0,16289.0,13804.0,14730.0,114014.0,0.483,122253.0,0.517,11608.0,0.049,63949.0,0.271,146742.0,0.621,1016.0,0.004,2272.0,0.01,10219.0,0.043,461.0,0.002,55847.0,0.236,40055.0,0.17,203040.0,0.859,0.854
12X248,"Metropolitan High School, The",High School,273,0.67,0.69,0.52,0.54,0.67,0.64,Proficient,Developing,Developing,Developing,Developing,Developing,Developing,Developing,Developing,Developing,2020-02-01T00:00:00.000,2.39,2.11,0.473,0.527,0.256,0.311,0.033,Bronx,2019-20,235448.0,17990.0,17103.0,17680.0,17598.0,17462.0,17981.0,18216.0,17498.0,17260.0,16785.0,17243.0,15699.0,13611.0,13322.0,113952.0,0.484,121496.0,0.516,11739.0,0.05,63136.0,0.268,145870.0,0.62,1125.0,0.005,2208.0,0.009,10003.0,0.042,1367.0,0.006,54899.0,0.233,37509.0,0.159,202976.0,0.862,0.868
12X251,Explorations Academy H.S.,High School,314,0.2,0.19,0.2,0.33,0.85,0.59,Proficient,Proficient,Proficient,Proficient,Proficient,Well Developed,Proficient,Proficient,Well Developed,Proficient,2018-04-01T00:00:00.000,2.41,2.23,0.401,0.599,0.226,0.261,0.0,Bronx,2017-18,239955.0,14948.0,17812.0,18598.0,19008.0,18940.0,18535.0,18173.0,17152.0,17039.0,16604.0,17860.0,16643.0,14038.0,14605.0,115867.0,0.483,124084.0,0.517,11458.0,0.048,65599.0,0.273,148849.0,0.62,928.0,0.004,2154.0,0.009,10531.0,0.044,436.0,0.002,55719.0,0.232,41316.0,0.172,208334.0,0.868,0.857
12X267,Bronx Latin,High School,315,0.79,0.88,0.74,0.87,0.92,0.91,Proficient,Proficient,Proficient,Well Developed,Well Developed,Proficient,Well Developed,Well Developed,Well Developed,Proficient,2019-04-01T00:00:00.000,2.7,2.59,0.41,0.59,0.076,0.26,0.0,Bronx,2018-19,236267.0,15105.0,17259.0,18071.0,17962.0,18318.0,18426.0,18026.0,17405.0,16921.0,16833.0,17118.0,16289.0,13804.0,14730.0,114014.0,0.483,122253.0,0.517,11608.0,0.049,63949.0,0.271,146742.0,0.621,1016.0,0.004,2272.0,0.01,10219.0,0.043,461.0,0.002,55847.0,0.236,40055.0,0.17,203040.0,0.859,0.854
12X271,East Bronx Academy for the Future,High School,376,0.73,0.85,0.68,0.87,0.86,0.84,Proficient,Proficient,Proficient,Well Developed,Well Developed,Well Developed,Well Developed,Well Developed,Well Developed,Well Developed,2017-03-01T00:00:00.000,2.5,2.27,0.447,0.553,0.114,0.277,0.064,Bronx,2016-17,241776.0,14825.0,17974.0,19579.0,19611.0,18943.0,18505.0,17824.0,17207.0,16610.0,16436.0,18551.0,17140.0,13948.0,14623.0,116584.0,0.482,125190.0,0.518,11109.0,0.046,66913.0,0.277,149741.0,0.619,797.0,0.003,2110.0,0.009,10381.0,0.043,725.0,0.003,55462.0,0.229,41129.0,0.17,197520.0,0.817,0.774
12X388,Pan American International High School at Monroe,High School,426,0.84,0.95,0.92,0.97,0.94,0.98,Well Developed,Well Developed,Well Developed,Well Developed,Well Developed,No Data,No Data,No Data,No Data,No Data,2016-05-18T00:00:00.000,1.8,1.84,0.444,0.556,0.838,0.014,0.0,Bronx,2015-16,,,,,,,,,,,,,,,,,,,,,,,,,,,,,,,,,,,,,,,,
12X478,The Cinema School,High School,355,0.78,0.77,0.67,0.71,0.75,0.85,Proficient,Proficient,Proficient,Well Developed,Proficient,Well Developed,Proficient,Proficient,Proficient,Proficient,2017-05-01T00:00:00.000,3.04,2.82,0.552,0.448,0.048,0.203,0.0,Bronx,2016-17,241776.0,14825.0,17974.0,19579.0,19611.0,18943.0,18505.0,17824.0,17207.0,16610.0,16436.0,18551.0,17140.0,13948.0,14623.0,116584.0,0.482,125190.0,0.518,11109.0,0.046,66913.0,0.277,149741.0,0.619,797.0,0.003,2110.0,0.009,10381.0,0.043,725.0,0.003,55462.0,0.229,41129.0,0.17,197520.0,0.817,0.774
12X479,Bronx Career and College Preparatory High School,High School,275,0.73,0.81,0.61,0.84,0.87,0.91,Proficient,Developing,Developing,Proficient,Proficient,Proficient,Proficient,Proficient,Proficient,Developing,2017-05-01T00:00:00.000,2.46,2.17,0.505,0.495,0.167,0.316,0.011,Bronx,2016-17,241776.0,14825.0,17974.0,19579.0,19611.0,18943.0,18505.0,17824.0,17207.0,16610.0,16436.0,18551.0,17140.0,13948.0,14623.0,116584.0,0.482,125190.0,0.518,11109.0,0.046,66913.0,0.277,149741.0,0.619,797.0,0.003,2110.0,0.009,10381.0,0.043,725.0,0.003,55462.0,0.229,41129.0,0.17,197520.0,0.817,0.774
12X511,Bronx Envision Academy,High School,393,0.81,0.87,0.75,0.93,0.9,0.95,Proficient,Proficient,Well Developed,Well Developed,Well Developed,Well Developed,Well Developed,Proficient,Proficient,Proficient,2018-04-01T00:00:00.000,2.59,2.2,0.519,0.481,0.142,0.282,0.028,Bronx,2017-18,239955.0,14948.0,17812.0,18598.0,19008.0,18940.0,18535.0,18173.0,17152.0,17039.0,16604.0,17860.0,16643.0,14038.0,14605.0,115867.0,0.483,124084.0,0.517,11458.0,0.048,65599.0,0.273,148849.0,0.62,928.0,0.004,2154.0,0.009,10531.0,0.044,436.0,0.002,55719.0,0.232,41316.0,0.172,208334.0,0.868,0.857
12X521,The Metropolitan Soundview High School,High School,422,0.7,0.85,0.67,1.0,0.9,0.92,Proficient,Proficient,Developing,Well Developed,Proficient,Proficient,Well Developed,Well Developed,Developing,Proficient,2019-01-01T00:00:00.000,2.46,2.2,0.46,0.54,0.142,0.235,0.009,Bronx,2018-19,236267.0,15105.0,17259.0,18071.0,17962.0,18318.0,18426.0,18026.0,17405.0,16921.0,16833.0,17118.0,16289.0,13804.0,14730.0,114014.0,0.483,122253.0,0.517,11608.0,0.049,63949.0,0.271,146742.0,0.621,1016.0,0.004,2272.0,0.01,10219.0,0.043,461.0,0.002,55847.0,0.236,40055.0,0.17,203040.0,0.859,0.854
12X550,High School of World Cultures,High School,421,0.88,0.97,0.82,0.97,0.88,0.93,Developing,Developing,Proficient,Developing,Developing,Developing,Developing,Developing,Developing,Developing,2017-03-01T00:00:00.000,2.15,2.05,0.437,0.563,0.789,0.036,0.0,Bronx,2016-17,241776.0,14825.0,17974.0,19579.0,19611.0,18943.0,18505.0,17824.0,17207.0,16610.0,16436.0,18551.0,17140.0,13948.0,14623.0,116584.0,0.482,125190.0,0.518,11109.0,0.046,66913.0,0.277,149741.0,0.619,797.0,0.003,2110.0,0.009,10381.0,0.043,725.0,0.003,55462.0,0.229,41129.0,0.17,197520.0,0.817,0.774
12X682,Fannie Lou Hamer Freedom High School,High School,463,0.91,0.93,0.97,0.96,0.98,0.98,Well Developed,Proficient,Proficient,Well Developed,Proficient,Well Developed,Well Developed,Proficient,Proficient,Proficient,2016-12-01T00:00:00.000,2.39,2.11,0.445,0.555,0.119,0.296,0.086,Bronx,2016-17,241776.0,14825.0,17974.0,19579.0,19611.0,18943.0,18505.0,17824.0,17207.0,16610.0,16436.0,18551.0,17140.0,13948.0,14623.0,116584.0,0.482,125190.0,0.518,11109.0,0.046,66913.0,0.277,149741.0,0.619,797.0,0.003,2110.0,0.009,10381.0,0.043,725.0,0.003,55462.0,0.229,41129.0,0.17,197520.0,0.817,0.774
12X684,Wings Academy,High School,394,0.46,0.83,0.56,0.86,0.86,0.93,Proficient,Developing,Proficient,Proficient,Proficient,Proficient,Proficient,Proficient,Well Developed,Proficient,2017-04-01T00:00:00.000,2.4,2.11,0.348,0.652,0.063,0.31,0.01,Bronx,2016-17,241776.0,14825.0,17974.0,19579.0,19611.0,18943.0,18505.0,17824.0,17207.0,16610.0,16436.0,18551.0,17140.0,13948.0,14623.0,116584.0,0.482,125190.0,0.518,11109.0,0.046,66913.0,0.277,149741.0,0.619,797.0,0.003,2110.0,0.009,10381.0,0.043,725.0,0.003,55462.0,0.229,41129.0,0.17,197520.0,0.817,0.774
13K265,Dr. Susan S. McKinney Secondary School of the Arts,High School,210,,,,,,,Proficient,Developing,Proficient,Proficient,Developing,Proficient,Proficient,Proficient,Proficient,Developing,2017-04-01T00:00:00.000,2.67,2.29,0.6,0.4,0.019,0.248,0.005,Brooklyn,2016-17,344408.0,24126.0,25680.0,26405.0,26928.0,26474.0,25928.0,24746.0,24154.0,23291.0,22933.0,25423.0,25203.0,21052.0,22065.0,166334.0,0.483,178072.0,0.517,54910.0,0.159,127475.0,0.37,95690.0,0.278,2884.0,0.008,2630.0,0.008,59440.0,0.173,1379.0,0.004,66309.0,0.193,44335.0,0.129,244956.0,0.711,0.632
13K350,Urban Assembly School of Music and Art,High School,193,0.86,0.92,0.9,0.95,0.92,0.96,Developing,Developing,Proficient,Proficient,Proficient,Proficient,Proficient,Proficient,Proficient,Proficient,2016-12-01T00:00:00.000,2.72,2.35,0.71,0.29,0.036,0.249,0.005,Brooklyn,2016-17,344408.0,24126.0,25680.0,26405.0,26928.0,26474.0,25928.0,24746.0,24154.0,23291.0,22933.0,25423.0,25203.0,21052.0,22065.0,166334.0,0.483,178072.0,0.517,54910.0,0.159,127475.0,0.37,95690.0,0.278,2884.0,0.008,2630.0,0.008,59440.0,0.173,1379.0,0.004,66309.0,0.193,44335.0,0.129,244956.0,0.711,0.632
13K412,Brooklyn Community Arts & Media High School (BCAM),High School,451,,,,0.98,0.95,0.96,Proficient,Proficient,Proficient,Well Developed,Proficient,Well Developed,Well Developed,Proficient,Well Developed,Proficient,2018-05-01T00:00:00.000,2.75,2.37,0.594,0.406,0.035,0.262,0.016,Brooklyn,2017-18,342622.0,23277.0,25578.0,25928.0,25812.0,26253.0,25851.0,25690.0,24166.0,23883.0,23168.0,25220.0,24751.0,20692.0,22353.0,165532.0,0.483,177070.0,0.517,55732.0,0.163,123782.0,0.361,95225.0,0.278,3238.0,0.009,2760.0,0.008,60569.0,0.177,1316.0,0.004,67444.0,0.197,44390.0,0.13,261947.0,0.765,0.737
13K419,"Science Skills Center High School for Science, Tec",High School,591,0.75,0.74,0.62,0.77,0.95,0.85,Proficient,Developing,Proficient,Proficient,Proficient,Proficient,Proficient,Proficient,Well Developed,Proficient,2018-04-01T00:00:00.000,3.01,2.9,0.381,0.619,0.029,0.118,0.0,Brooklyn,2017-18,342622.0,23277.0,25578.0,25928.0,25812.0,26253.0,25851.0,25690.0,24166.0,23883.0,23168.0,25220.0,24751.0,20692.0,22353.0,165532.0,0.483,177070.0,0.517,55732.0,0.163,123782.0,0.361,95225.0,0.278,3238.0,0.009,2760.0,0.008,60569.0,0.177,1316.0,0.004,67444.0,0.197,44390.0,0.13,261947.0,0.765,0.737
13K430,Brooklyn Technical High School,High School,6040,0.78,0.77,0.74,0.77,0.78,0.82,Well Developed,Proficient,Well Developed,Well Developed,Well Developed,Well Developed,Well Developed,Well Developed,Well Developed,Well Developed,2017-03-01T00:00:00.000,4.01,4.27,0.398,0.602,0.0,0.015,0.0,Brooklyn,2016-17,344408.0,24126.0,25680.0,26405.0,26928.0,26474.0,25928.0,24746.0,24154.0,23291.0,22933.0,25423.0,25203.0,21052.0,22065.0,166334.0,0.483,178072.0,0.517,54910.0,0.159,127475.0,0.37,95690.0,0.278,2884.0,0.008,2630.0,0.008,59440.0,0.173,1379.0,0.004,66309.0,0.193,44335.0,0.129,244956.0,0.711,0.632
13K439,Brooklyn International High School,High School,338,0.81,0.89,0.77,0.83,0.88,0.91,Well Developed,Well Developed,Well Developed,Well Developed,Well Developed,No Data,No Data,No Data,No Data,No Data,2014-11-20T00:00:00.000,1.97,2.23,0.45,0.55,0.766,0.024,0.0,Brooklyn,2014-15,,,,,,,,,,,,,,,,,,,,,,,,,,,,,,,,,,,,,,,,
13K483,The Urban Assembly School for Law and Justice,High School,445,,,,0.97,0.93,0.98,Well Developed,Well Developed,Well Developed,Well Developed,Well Developed,No Data,No Data,No Data,No Data,No Data,2015-12-04T00:00:00.000,2.93,2.66,0.587,0.413,0.02,0.164,0.0,Brooklyn,2015-16,,,,,,,,,,,,,,,,,,,,,,,,,,,,,,,,,,,,,,,,
13K499,ACORN Community High School,High School,103,,,,,,,Proficient,Proficient,Developing,Well Developed,Proficient,Proficient,Well Developed,Proficient,Proficient,Developing,2017-03-01T00:00:00.000,2.6,2.23,0.447,0.553,0.029,0.34,0.01,Brooklyn,2016-17,344408.0,24126.0,25680.0,26405.0,26928.0,26474.0,25928.0,24746.0,24154.0,23291.0,22933.0,25423.0,25203.0,21052.0,22065.0,166334.0,0.483,178072.0,0.517,54910.0,0.159,127475.0,0.37,95690.0,0.278,2884.0,0.008,2630.0,0.008,59440.0,0.173,1379.0,0.004,66309.0,0.193,44335.0,0.129,244956.0,0.711,0.632
13K527,Urban Assembly Institute of Math and Science for Y,High School,290,0.7,0.88,0.67,1.0,0.89,0.91,Developing,Developing,Developing,Developing,Developing,Proficient,Proficient,Developing,Proficient,Developing,2017-11-01T00:00:00.000,2.79,2.53,1.0,0.0,0.083,0.169,0.003,Brooklyn,2017-18,342622.0,23277.0,25578.0,25928.0,25812.0,26253.0,25851.0,25690.0,24166.0,23883.0,23168.0,25220.0,24751.0,20692.0,22353.0,165532.0,0.483,177070.0,0.517,55732.0,0.163,123782.0,0.361,95225.0,0.278,3238.0,0.009,2760.0,0.008,60569.0,0.177,1316.0,0.004,67444.0,0.197,44390.0,0.13,261947.0,0.765,0.737
13K594,Gotham Professional Arts Academy,High School,152,0.75,0.76,0.77,0.82,0.86,0.84,Well Developed,Proficient,Well Developed,Well Developed,Well Developed,Well Developed,Well Developed,Well Developed,Well Developed,Well Developed,2019-03-01T00:00:00.000,2.56,2.23,0.592,0.408,0.02,0.316,0.007,Brooklyn,2018-19,339985.0,24104.0,24074.0,25562.0,25159.0,25060.0,25561.0,25307.0,25044.0,23912.0,23663.0,25112.0,24739.0,20476.0,22212.0,164322.0,0.483,175662.0,0.517,56134.0,0.165,119917.0,0.353,94884.0,0.279,3651.0,0.011,2787.0,0.008,61262.0,0.18,1350.0,0.004,68086.0,0.2,42678.0,0.126,255263.0,0.751,0.728
13K595,Bedford Academy High School,High School,392,0.84,0.93,0.81,0.97,0.93,0.93,Well Developed,Proficient,Well Developed,Well Developed,Well Developed,Well Developed,Well Developed,Proficient,Proficient,Proficient,2019-11-01T00:00:00.000,3.32,3.3,0.528,0.472,0.005,0.133,0.0,Brooklyn,2019-20,342332.0,28420.0,24224.0,24232.0,24979.0,24615.0,24533.0,25172.0,24574.0,24714.0,23736.0,25329.0,24489.0,20942.0,22373.0,165538.0,0.484,176794.0,0.516,57027.0,0.167,117272.0,0.343,96403.0,0.282,4084.0,0.012,2819.0,0.008,62132.0,0.181,2595.0,0.008,67756.0,0.198,41294.0,0.121,254914.0,0.745,0.743
13K605,George Westinghouse Career and Technical Education,High School,752,0.7,0.77,0.68,0.84,0.86,0.9,Proficient,Proficient,Proficient,Well Developed,Proficient,Proficient,Proficient,Proficient,Proficient,Proficient,2018-04-01T00:00:00.000,2.78,2.65,0.313,0.688,0.037,0.18,0.001,Brooklyn,2017-18,342622.0,23277.0,25578.0,25928.0,25812.0,26253.0,25851.0,25690.0,24166.0,23883.0,23168.0,25220.0,24751.0,20692.0,22353.0,165532.0,0.483,177070.0,0.517,55732.0,0.163,123782.0,0.361,95225.0,0.278,3238.0,0.009,2760.0,0.008,60569.0,0.177,1316.0,0.004,67444.0,0.197,44390.0,0.13,261947.0,0.765,0.737
13K670,Benjamin Banneker Academy,High School,815,0.72,0.92,0.91,0.94,0.89,0.96,Proficient,Developing,Developing,Proficient,Developing,Proficient,Proficient,Proficient,Proficient,Developing,2017-03-01T00:00:00.000,3.2,3.15,0.515,0.485,0.012,0.137,0.02,Brooklyn,2016-17,344408.0,24126.0,25680.0,26405.0,26928.0,26474.0,25928.0,24746.0,24154.0,23291.0,22933.0,25423.0,25203.0,21052.0,22065.0,166334.0,0.483,178072.0,0.517,54910.0,0.159,127475.0,0.37,95690.0,0.278,2884.0,0.008,2630.0,0.008,59440.0,0.173,1379.0,0.004,66309.0,0.193,44335.0,0.129,244956.0,0.711,0.632
13K674,"City Polytechnic High School of Engineering, Archi",High School,433,0.73,0.68,0.65,0.81,0.89,0.85,Proficient,Developing,Developing,Proficient,Proficient,Well Developed,Proficient,Proficient,Proficient,Developing,2016-12-01T00:00:00.000,3.03,3.07,0.164,0.836,0.023,0.178,0.0,Brooklyn,2016-17,344408.0,24126.0,25680.0,26405.0,26928.0,26474.0,25928.0,24746.0,24154.0,23291.0,22933.0,25423.0,25203.0,21052.0,22065.0,166334.0,0.483,178072.0,0.517,54910.0,0.159,127475.0,0.37,95690.0,0.278,2884.0,0.008,2630.0,0.008,59440.0,0.173,1379.0,0.004,66309.0,0.193,44335.0,0.129,244956.0,0.711,0.632
14K071,Juan Morel Campos Secondary School,High School,302,0.8,0.87,0.84,0.88,0.97,0.94,Proficient,Proficient,Proficient,Well Developed,Proficient,Proficient,Well Developed,Proficient,Proficient,Proficient,2018-05-01T00:00:00.000,2.37,2.15,0.46,0.54,0.275,0.278,0.079,Brooklyn,2017-18,342622.0,23277.0,25578.0,25928.0,25812.0,26253.0,25851.0,25690.0,24166.0,23883.0,23168.0,25220.0,24751.0,20692.0,22353.0,165532.0,0.483,177070.0,0.517,55732.0,0.163,123782.0,0.361,95225.0,0.278,3238.0,0.009,2760.0,0.008,60569.0,0.177,1316.0,0.004,67444.0,0.197,44390.0,0.13,261947.0,0.765,0.737
14K449,"Brooklyn Latin School, The",High School,785,0.9,0.89,0.9,0.92,0.79,0.94,Well Developed,Proficient,Developing,Well Developed,Well Developed,Well Developed,Well Developed,Proficient,Proficient,Proficient,2020-03-01T00:00:00.000,3.94,4.17,0.462,0.538,0.001,0.031,0.001,Brooklyn,2019-20,342332.0,28420.0,24224.0,24232.0,24979.0,24615.0,24533.0,25172.0,24574.0,24714.0,23736.0,25329.0,24489.0,20942.0,22373.0,165538.0,0.484,176794.0,0.516,57027.0,0.167,117272.0,0.343,96403.0,0.282,4084.0,0.012,2819.0,0.008,62132.0,0.181,2595.0,0.008,67756.0,0.198,41294.0,0.121,254914.0,0.745,0.743
14K454,The Williamsburg High School of Art and Technology,High School,310,0.68,0.78,0.66,0.9,0.87,0.88,Well Developed,Proficient,Proficient,Proficient,Well Developed,Proficient,Proficient,Proficient,Proficient,Proficient,2016-11-01T00:00:00.000,2.64,2.47,0.442,0.558,0.119,0.248,0.01,Brooklyn,2016-17,344408.0,24126.0,25680.0,26405.0,26928.0,26474.0,25928.0,24746.0,24154.0,23291.0,22933.0,25423.0,25203.0,21052.0,22065.0,166334.0,0.483,178072.0,0.517,54910.0,0.159,127475.0,0.37,95690.0,0.278,2884.0,0.008,2630.0,0.008,59440.0,0.173,1379.0,0.004,66309.0,0.193,44335.0,0.129,244956.0,0.711,0.632
14K474,PROGRESS High School for Professional Careers,High School,633,0.73,0.83,0.68,0.86,0.77,0.87,Well Developed,Well Developed,Proficient,Well Developed,Proficient,Well Developed,Well Developed,Proficient,Proficient,Proficient,2018-04-01T00:00:00.000,2.57,2.36,0.474,0.526,0.216,0.221,0.038,Brooklyn,2017-18,342622.0,23277.0,25578.0,25928.0,25812.0,26253.0,25851.0,25690.0,24166.0,23883.0,23168.0,25220.0,24751.0,20692.0,22353.0,165532.0,0.483,177070.0,0.517,55732.0,0.163,123782.0,0.361,95225.0,0.278,3238.0,0.009,2760.0,0.008,60569.0,0.177,1316.0,0.004,67444.0,0.197,44390.0,0.13,261947.0,0.765,0.737
14K477,East Williamsburg Scholars Academy,High School,291,0.65,0.81,0.64,0.82,0.91,0.78,Proficient,Developing,Developing,Proficient,Developing,Proficient,Proficient,Proficient,Proficient,Developing,2017-03-01T00:00:00.000,2.59,2.31,0.471,0.529,0.333,0.155,0.003,Brooklyn,2016-17,344408.0,24126.0,25680.0,26405.0,26928.0,26474.0,25928.0,24746.0,24154.0,23291.0,22933.0,25423.0,25203.0,21052.0,22065.0,166334.0,0.483,178072.0,0.517,54910.0,0.159,127475.0,0.37,95690.0,0.278,2884.0,0.008,2630.0,0.008,59440.0,0.173,1379.0,0.004,66309.0,0.193,44335.0,0.129,244956.0,0.711,0.632
14K478,"The High School for Enterprise, Business and Techn",High School,776,0.71,0.76,0.64,0.8,0.83,0.77,Well Developed,Proficient,Proficient,Well Developed,Proficient,Proficient,Proficient,Proficient,Proficient,Proficient,2018-05-01T00:00:00.000,2.77,2.6,0.357,0.643,0.129,0.169,0.001,Brooklyn,2017-18,342622.0,23277.0,25578.0,25928.0,25812.0,26253.0,25851.0,25690.0,24166.0,23883.0,23168.0,25220.0,24751.0,20692.0,22353.0,165532.0,0.483,177070.0,0.517,55732.0,0.163,123782.0,0.361,95225.0,0.278,3238.0,0.009,2760.0,0.008,60569.0,0.177,1316.0,0.004,67444.0,0.197,44390.0,0.13,261947.0,0.765,0.737
14K488,Brooklyn Preparatory High School,High School,532,0.77,0.81,0.77,0.84,0.86,0.89,Proficient,Proficient,Proficient,Well Developed,Well Developed,No Data,No Data,No Data,No Data,No Data,2015-05-05T00:00:00.000,2.93,2.68,0.603,0.397,0.028,0.169,0.004,Brooklyn,2014-15,,,,,,,,,,,,,,,,,,,,,,,,,,,,,,,,,,,,,,,,
14K558,Williamsburg High School for Architecture and Desi,High School,587,0.79,0.9,0.76,0.89,0.85,0.87,Well Developed,Proficient,Proficient,Well Developed,Well Developed,No Data,No Data,No Data,No Data,No Data,2015-01-12T00:00:00.000,2.82,2.69,0.23,0.77,0.014,0.221,0.01,Brooklyn,2014-15,,,,,,,,,,,,,,,,,,,,,,,,,,,,,,,,,,,,,,,,
14K561,Williamsburg Preparatory School,High School,692,0.79,0.86,0.77,0.89,0.86,0.92,Proficient,Proficient,Proficient,Well Developed,Well Developed,Well Developed,Well Developed,Proficient,Well Developed,Proficient,2018-11-01T00:00:00.000,2.85,2.65,0.525,0.475,0.032,0.197,0.001,Brooklyn,2018-19,339985.0,24104.0,24074.0,25562.0,25159.0,25060.0,25561.0,25307.0,25044.0,23912.0,23663.0,25112.0,24739.0,20476.0,22212.0,164322.0,0.483,175662.0,0.517,56134.0,0.165,119917.0,0.353,94884.0,0.279,3651.0,0.011,2787.0,0.008,61262.0,0.18,1350.0,0.004,68086.0,0.2,42678.0,0.126,255263.0,0.751,0.728
14K586,Lyons Community School,High School,288,0.81,0.97,0.72,0.93,0.81,0.89,Proficient,Proficient,Well Developed,Well Developed,Well Developed,Well Developed,Well Developed,Well Developed,Proficient,Proficient,2020-02-01T00:00:00.000,2.4,2.1,0.5,0.5,0.094,0.267,0.0,Brooklyn,2019-20,342332.0,28420.0,24224.0,24232.0,24979.0,24615.0,24533.0,25172.0,24574.0,24714.0,23736.0,25329.0,24489.0,20942.0,22373.0,165538.0,0.484,176794.0,0.516,57027.0,0.167,117272.0,0.343,96403.0,0.282,4084.0,0.012,2819.0,0.008,62132.0,0.181,2595.0,0.008,67756.0,0.198,41294.0,0.121,254914.0,0.745,0.743
14K610,A-Tech High School,High School,304,0.63,0.48,0.62,0.55,0.74,0.72,Proficient,Proficient,Proficient,Proficient,Proficient,Proficient,Proficient,Proficient,Well Developed,Proficient,2018-04-01T00:00:00.000,2.45,2.37,0.086,0.914,0.046,0.349,0.056,Brooklyn,2017-18,342622.0,23277.0,25578.0,25928.0,25812.0,26253.0,25851.0,25690.0,24166.0,23883.0,23168.0,25220.0,24751.0,20692.0,22353.0,165532.0,0.483,177070.0,0.517,55732.0,0.163,123782.0,0.361,95225.0,0.278,3238.0,0.009,2760.0,0.008,60569.0,0.177,1316.0,0.004,67444.0,0.197,44390.0,0.13,261947.0,0.765,0.737
14K614,Young Women's Leadership School of Brooklyn,High School,261,0.77,0.82,0.66,0.83,0.9,0.88,Well Developed,Proficient,Developing,Well Developed,Developing,Well Developed,Well Developed,Proficient,Proficient,Proficient,2017-12-01T00:00:00.000,2.81,2.55,1.0,0.0,0.065,0.211,0.008,Brooklyn,2017-18,342622.0,23277.0,25578.0,25928.0,25812.0,26253.0,25851.0,25690.0,24166.0,23883.0,23168.0,25220.0,24751.0,20692.0,22353.0,165532.0,0.483,177070.0,0.517,55732.0,0.163,123782.0,0.361,95225.0,0.278,3238.0,0.009,2760.0,0.008,60569.0,0.177,1316.0,0.004,67444.0,0.197,44390.0,0.13,261947.0,0.765,0.737
14K685,El Puente Academy for Peace and Justice,High School,226,0.77,0.83,0.72,0.86,0.88,0.86,Well Developed,Proficient,Well Developed,Well Developed,Well Developed,Well Developed,Well Developed,Well Developed,Proficient,Well Developed,2019-04-01T00:00:00.000,2.37,2.11,0.46,0.54,0.208,0.23,0.004,Brooklyn,2018-19,339985.0,24104.0,24074.0,25562.0,25159.0,25060.0,25561.0,25307.0,25044.0,23912.0,23663.0,25112.0,24739.0,20476.0,22212.0,164322.0,0.483,175662.0,0.517,56134.0,0.165,119917.0,0.353,94884.0,0.279,3651.0,0.011,2787.0,0.008,61262.0,0.18,1350.0,0.004,68086.0,0.2,42678.0,0.126,255263.0,0.751,0.728
15K429,Digital Arts and Cinema Technology High School,High School,285,0.76,0.84,0.72,0.83,0.88,0.88,Well Developed,Proficient,Proficient,Well Developed,Proficient,Well Developed,Well Developed,Proficient,Well Developed,Well Developed,2016-12-01T00:00:00.000,2.87,2.69,0.439,0.561,0.011,0.207,0.0,Brooklyn,2016-17,344408.0,24126.0,25680.0,26405.0,26928.0,26474.0,25928.0,24746.0,24154.0,23291.0,22933.0,25423.0,25203.0,21052.0,22065.0,166334.0,0.483,178072.0,0.517,54910.0,0.159,127475.0,0.37,95690.0,0.278,2884.0,0.008,2630.0,0.008,59440.0,0.173,1379.0,0.004,66309.0,0.193,44335.0,0.129,244956.0,0.711,0.632
15K448,Brooklyn Collaborative Studies,High School,359,0.61,0.86,0.64,0.95,0.9,0.9,Well Developed,Proficient,Well Developed,Well Developed,Well Developed,No Data,No Data,No Data,No Data,No Data,2016-01-13T00:00:00.000,2.98,2.68,0.521,0.479,0.058,0.251,0.0,Brooklyn,2015-16,,,,,,,,,,,,,,,,,,,,,,,,,,,,,,,,,,,,,,,,
15K462,John Jay School for Law,High School,439,,,,0.83,0.76,0.93,Well Developed,Well Developed,Well Developed,Well Developed,Well Developed,No Data,No Data,No Data,No Data,No Data,2015-04-01T00:00:00.000,2.9,2.6,0.604,0.396,0.036,0.194,0.0,Brooklyn,2014-15,,,,,,,,,,,,,,,,,,,,,,,,,,,,,,,,,,,,,,,,
15K463,Cyberarts Studio Academy,High School,270,0.7,0.8,0.58,0.88,0.92,0.89,Developing,Developing,Developing,Proficient,Developing,Developing,Proficient,Proficient,Proficient,Developing,2017-04-01T00:00:00.000,2.76,2.44,0.496,0.504,0.159,0.207,0.011,Brooklyn,2016-17,344408.0,24126.0,25680.0,26405.0,26928.0,26474.0,25928.0,24746.0,24154.0,23291.0,22933.0,25423.0,25203.0,21052.0,22065.0,166334.0,0.483,178072.0,0.517,54910.0,0.159,127475.0,0.37,95690.0,0.278,2884.0,0.008,2630.0,0.008,59440.0,0.173,1379.0,0.004,66309.0,0.193,44335.0,0.129,244956.0,0.711,0.632
15K464,Park Slope Collegiate,High School,387,0.75,0.87,0.66,0.92,0.92,0.91,Well Developed,Proficient,Well Developed,Well Developed,Well Developed,Well Developed,Proficient,Proficient,Proficient,Proficient,2018-12-01T00:00:00.000,2.79,2.63,0.429,0.571,0.062,0.233,0.003,Brooklyn,2018-19,339985.0,24104.0,24074.0,25562.0,25159.0,25060.0,25561.0,25307.0,25044.0,23912.0,23663.0,25112.0,24739.0,20476.0,22212.0,164322.0,0.483,175662.0,0.517,56134.0,0.165,119917.0,0.353,94884.0,0.279,3651.0,0.011,2787.0,0.008,61262.0,0.18,1350.0,0.004,68086.0,0.2,42678.0,0.126,255263.0,0.751,0.728
15K497,The Boerum Hill School for International Studies,High School,328,0.81,0.81,0.57,0.79,0.87,0.85,Well Developed,Proficient,Proficient,Well Developed,Proficient,Well Developed,Well Developed,Proficient,Well Developed,Proficient,2018-01-01T00:00:00.000,2.79,2.57,0.503,0.497,0.095,0.195,0.0,Brooklyn,2017-18,342622.0,23277.0,25578.0,25928.0,25812.0,26253.0,25851.0,25690.0,24166.0,23883.0,23168.0,25220.0,24751.0,20692.0,22353.0,165532.0,0.483,177070.0,0.517,55732.0,0.163,123782.0,0.361,95225.0,0.278,3238.0,0.009,2760.0,0.008,60569.0,0.177,1316.0,0.004,67444.0,0.197,44390.0,0.13,261947.0,0.765,0.737
15K519,Cobble Hill School of American Studies,High School,512,0.92,0.91,0.91,0.95,0.95,0.99,Well Developed,Proficient,Proficient,Well Developed,Proficient,Proficient,Proficient,Proficient,Proficient,Proficient,2017-11-01T00:00:00.000,2.75,2.43,0.555,0.445,0.098,0.178,0.002,Brooklyn,2017-18,342622.0,23277.0,25578.0,25928.0,25812.0,26253.0,25851.0,25690.0,24166.0,23883.0,23168.0,25220.0,24751.0,20692.0,22353.0,165532.0,0.483,177070.0,0.517,55732.0,0.163,123782.0,0.361,95225.0,0.278,3238.0,0.009,2760.0,0.008,60569.0,0.177,1316.0,0.004,67444.0,0.197,44390.0,0.13,261947.0,0.765,0.737
15K592,Khalil Gibran International Academy,High School,189,0.66,0.81,0.65,0.9,0.78,0.94,Proficient,Proficient,Proficient,Well Developed,Well Developed,No Data,No Data,No Data,No Data,No Data,2015-04-21T00:00:00.000,2.61,2.55,0.434,0.566,0.365,0.206,0.005,Brooklyn,2014-15,,,,,,,,,,,,,,,,,,,,,,,,,,,,,,,,,,,,,,,,
15K656,Brooklyn High School of the Arts,High School,930,,,,0.96,0.91,0.97,Proficient,Proficient,Proficient,Well Developed,Proficient,Well Developed,Well Developed,Proficient,Well Developed,Proficient,2017-03-01T00:00:00.000,3.18,2.81,0.745,0.255,0.012,0.184,0.051,Brooklyn,2016-17,344408.0,24126.0,25680.0,26405.0,26928.0,26474.0,25928.0,24746.0,24154.0,23291.0,22933.0,25423.0,25203.0,21052.0,22065.0,166334.0,0.483,178072.0,0.517,54910.0,0.159,127475.0,0.37,95690.0,0.278,2884.0,0.008,2630.0,0.008,59440.0,0.173,1379.0,0.004,66309.0,0.193,44335.0,0.129,244956.0,0.711,0.632
15K667,Sunset Park High School,High School,1239,0.78,0.74,0.55,0.65,0.69,0.64,Proficient,Proficient,Proficient,Well Developed,Well Developed,Well Developed,Well Developed,Well Developed,Proficient,Proficient,2018-01-01T00:00:00.000,2.65,2.55,0.462,0.538,0.195,0.181,0.024,Brooklyn,2017-18,342622.0,23277.0,25578.0,25928.0,25812.0,26253.0,25851.0,25690.0,24166.0,23883.0,23168.0,25220.0,24751.0,20692.0,22353.0,165532.0,0.483,177070.0,0.517,55732.0,0.163,123782.0,0.361,95225.0,0.278,3238.0,0.009,2760.0,0.008,60569.0,0.177,1316.0,0.004,67444.0,0.197,44390.0,0.13,261947.0,0.765,0.737
15K684,Millennium Brooklyn HS,High School,684,0.88,0.88,0.86,0.91,0.85,0.94,Well Developed,Proficient,Proficient,Well Developed,Well Developed,No Data,No Data,No Data,No Data,No Data,2016-02-11T00:00:00.000,3.82,3.86,0.57,0.43,0.001,0.154,0.003,Brooklyn,2015-16,,,,,,,,,,,,,,,,,,,,,,,,,,,,,,,,,,,,,,,,
16K455,Boys and Girls High School,High School,452,0.78,0.8,0.87,0.84,0.92,0.91,Proficient,Developing,Developing,Proficient,Proficient,Proficient,Proficient,Proficient,Proficient,Proficient,2018-04-01T00:00:00.000,2.47,2.23,0.343,0.657,0.062,0.312,0.115,Brooklyn,2017-18,342622.0,23277.0,25578.0,25928.0,25812.0,26253.0,25851.0,25690.0,24166.0,23883.0,23168.0,25220.0,24751.0,20692.0,22353.0,165532.0,0.483,177070.0,0.517,55732.0,0.163,123782.0,0.361,95225.0,0.278,3238.0,0.009,2760.0,0.008,60569.0,0.177,1316.0,0.004,67444.0,0.197,44390.0,0.13,261947.0,0.765,0.737
16K498,Brooklyn High School for Law and Technology,High School,578,0.67,0.61,0.65,0.59,0.74,0.69,Proficient,Developing,Developing,Proficient,Proficient,Proficient,Proficient,Proficient,Proficient,Developing,2016-11-01T00:00:00.000,2.73,2.53,0.422,0.578,0.073,0.209,0.031,Brooklyn,2016-17,344408.0,24126.0,25680.0,26405.0,26928.0,26474.0,25928.0,24746.0,24154.0,23291.0,22933.0,25423.0,25203.0,21052.0,22065.0,166334.0,0.483,178072.0,0.517,54910.0,0.159,127475.0,0.37,95690.0,0.278,2884.0,0.008,2630.0,0.008,59440.0,0.173,1379.0,0.004,66309.0,0.193,44335.0,0.129,244956.0,0.711,0.632
16K688,The Brooklyn Academy of Global Finance,High School,126,0.78,0.9,0.74,0.97,0.9,0.9,Proficient,Developing,Developing,Developing,Developing,Developing,Proficient,Developing,Proficient,Developing,2017-05-01T00:00:00.000,2.47,2.17,0.405,0.595,0.151,0.294,0.0,Brooklyn,2016-17,344408.0,24126.0,25680.0,26405.0,26928.0,26474.0,25928.0,24746.0,24154.0,23291.0,22933.0,25423.0,25203.0,21052.0,22065.0,166334.0,0.483,178072.0,0.517,54910.0,0.159,127475.0,0.37,95690.0,0.278,2884.0,0.008,2630.0,0.008,59440.0,0.173,1379.0,0.004,66309.0,0.193,44335.0,0.129,244956.0,0.711,0.632
16K765,Nelson Mandela High School,High School,231,0.49,0.47,0.37,0.63,0.89,0.69,Proficient,Developing,Developing,Proficient,Developing,Proficient,Developing,Proficient,Proficient,Developing,2016-12-01T00:00:00.000,2.53,2.32,0.416,0.584,0.026,0.325,0.061,Brooklyn,2016-17,344408.0,24126.0,25680.0,26405.0,26928.0,26474.0,25928.0,24746.0,24154.0,23291.0,22933.0,25423.0,25203.0,21052.0,22065.0,166334.0,0.483,178072.0,0.517,54910.0,0.159,127475.0,0.37,95690.0,0.278,2884.0,0.008,2630.0,0.008,59440.0,0.173,1379.0,0.004,66309.0,0.193,44335.0,0.129,244956.0,0.711,0.632
17K122,Pathways in Technology Early College High School (,High School,574,0.83,0.84,0.76,0.85,0.9,0.93,Proficient,Proficient,Proficient,Well Developed,Proficient,No Data,No Data,No Data,No Data,No Data,2016-05-31T00:00:00.000,2.86,2.66,0.284,0.716,0.017,0.155,0.0,Brooklyn,2015-16,,,,,,,,,,,,,,,,,,,,,,,,,,,,,,,,,,,,,,,,
17K382,Academy for College Preparation and Career Explora,High School,219,0.83,0.92,0.8,0.84,0.9,0.98,Developing,Proficient,Proficient,Proficient,Proficient,Proficient,Proficient,Proficient,Well Developed,Proficient,2017-11-01T00:00:00.000,2.62,2.22,0.406,0.594,0.119,0.142,0.005,Brooklyn,2017-18,342622.0,23277.0,25578.0,25928.0,25812.0,26253.0,25851.0,25690.0,24166.0,23883.0,23168.0,25220.0,24751.0,20692.0,22353.0,165532.0,0.483,177070.0,0.517,55732.0,0.163,123782.0,0.361,95225.0,0.278,3238.0,0.009,2760.0,0.008,60569.0,0.177,1316.0,0.004,67444.0,0.197,44390.0,0.13,261947.0,0.765,0.737
17K408,Academy of Hospitality and Tourism,High School,244,0.8,0.92,0.74,0.92,0.91,0.89,Proficient,Proficient,Developing,Proficient,Proficient,Proficient,Proficient,Proficient,Proficient,Proficient,2016-12-01T00:00:00.000,2.57,2.28,0.533,0.467,0.16,0.238,0.008,Brooklyn,2016-17,344408.0,24126.0,25680.0,26405.0,26928.0,26474.0,25928.0,24746.0,24154.0,23291.0,22933.0,25423.0,25203.0,21052.0,22065.0,166334.0,0.483,178072.0,0.517,54910.0,0.159,127475.0,0.37,95690.0,0.278,2884.0,0.008,2630.0,0.008,59440.0,0.173,1379.0,0.004,66309.0,0.193,44335.0,0.129,244956.0,0.711,0.632
17K524,International High School at Prospect Heights,High School,370,,,,,,,Well Developed,Proficient,Well Developed,Well Developed,Well Developed,Well Developed,Well Developed,Proficient,Proficient,Proficient,2018-11-01T00:00:00.000,1.87,2.04,0.376,0.624,0.803,0.051,0.003,Brooklyn,2018-19,339985.0,24104.0,24074.0,25562.0,25159.0,25060.0,25561.0,25307.0,25044.0,23912.0,23663.0,25112.0,24739.0,20476.0,22212.0,164322.0,0.483,175662.0,0.517,56134.0,0.165,119917.0,0.353,94884.0,0.279,3651.0,0.011,2787.0,0.008,61262.0,0.18,1350.0,0.004,68086.0,0.2,42678.0,0.126,255263.0,0.751,0.728
17K528,The High School for Global Citizenship,High School,222,0.7,0.83,0.76,0.7,0.96,0.77,Well Developed,Proficient,Proficient,Well Developed,Proficient,Well Developed,Well Developed,Proficient,Proficient,Proficient,2019-05-01T00:00:00.000,2.76,2.68,0.315,0.685,0.077,0.153,0.0,Brooklyn,2018-19,339985.0,24104.0,24074.0,25562.0,25159.0,25060.0,25561.0,25307.0,25044.0,23912.0,23663.0,25112.0,24739.0,20476.0,22212.0,164322.0,0.483,175662.0,0.517,56134.0,0.165,119917.0,0.353,94884.0,0.279,3651.0,0.011,2787.0,0.008,61262.0,0.18,1350.0,0.004,68086.0,0.2,42678.0,0.126,255263.0,0.751,0.728
17K531,"School for Human Rights, The",High School,326,0.7,0.78,0.58,0.85,0.95,0.7,Proficient,Proficient,Proficient,Proficient,Proficient,Proficient,Proficient,Proficient,Proficient,Proficient,2018-12-01T00:00:00.000,2.71,2.36,0.463,0.537,0.071,0.184,0.0,Brooklyn,2018-19,339985.0,24104.0,24074.0,25562.0,25159.0,25060.0,25561.0,25307.0,25044.0,23912.0,23663.0,25112.0,24739.0,20476.0,22212.0,164322.0,0.483,175662.0,0.517,56134.0,0.165,119917.0,0.353,94884.0,0.279,3651.0,0.011,2787.0,0.008,61262.0,0.18,1350.0,0.004,68086.0,0.2,42678.0,0.126,255263.0,0.751,0.728
17K537,High School for Youth and Community Development at,High School,466,0.75,0.86,0.7,0.88,0.86,0.89,Well Developed,Proficient,Proficient,Well Developed,Well Developed,No Data,No Data,No Data,No Data,No Data,2015-04-23T00:00:00.000,2.6,2.3,0.275,0.725,0.077,0.245,0.002,Brooklyn,2014-15,,,,,,,,,,,,,,,,,,,,,,,,,,,,,,,,,,,,,,,,
17K539,High School for Service & Learning at Erasmus,High School,299,0.56,0.77,0.69,0.82,0.9,0.85,Proficient,Proficient,Proficient,Proficient,Proficient,Proficient,Proficient,Proficient,Well Developed,Proficient,2017-05-01T00:00:00.000,2.67,2.32,0.355,0.645,0.14,0.197,0.003,Brooklyn,2016-17,344408.0,24126.0,25680.0,26405.0,26928.0,26474.0,25928.0,24746.0,24154.0,23291.0,22933.0,25423.0,25203.0,21052.0,22065.0,166334.0,0.483,178072.0,0.517,54910.0,0.159,127475.0,0.37,95690.0,0.278,2884.0,0.008,2630.0,0.008,59440.0,0.173,1379.0,0.004,66309.0,0.193,44335.0,0.129,244956.0,0.711,0.632
17K543,"Science, Technology and Research Early College Hig",High School,377,0.94,0.98,0.84,0.97,0.92,0.94,Well Developed,Well Developed,Well Developed,Well Developed,Well Developed,Well Developed,Well Developed,Well Developed,Well Developed,Well Developed,2019-10-01T00:00:00.000,3.35,3.29,0.464,0.536,0.008,0.151,0.0,Brooklyn,2019-20,342332.0,28420.0,24224.0,24232.0,24979.0,24615.0,24533.0,25172.0,24574.0,24714.0,23736.0,25329.0,24489.0,20942.0,22373.0,165538.0,0.484,176794.0,0.516,57027.0,0.167,117272.0,0.343,96403.0,0.282,4084.0,0.012,2819.0,0.008,62132.0,0.181,2595.0,0.008,67756.0,0.198,41294.0,0.121,254914.0,0.745,0.743
17K546,High School for Public Service: Heroes of Tomorrow,High School,475,0.76,0.88,0.66,0.87,0.97,0.9,Proficient,Proficient,Proficient,Proficient,Developing,Well Developed,Well Developed,Proficient,Developing,Developing,2018-05-01T00:00:00.000,3.1,2.85,0.648,0.352,0.011,0.194,0.053,Brooklyn,2017-18,342622.0,23277.0,25578.0,25928.0,25812.0,26253.0,25851.0,25690.0,24166.0,23883.0,23168.0,25220.0,24751.0,20692.0,22353.0,165532.0,0.483,177070.0,0.517,55732.0,0.163,123782.0,0.361,95225.0,0.278,3238.0,0.009,2760.0,0.008,60569.0,0.177,1316.0,0.004,67444.0,0.197,44390.0,0.13,261947.0,0.765,0.737
17K547,Brooklyn Academy of Science and the Environment,High School,342,0.85,0.88,0.83,0.92,0.86,0.95,Proficient,Developing,Proficient,Proficient,Proficient,Proficient,Proficient,Proficient,Proficient,Proficient,2018-03-01T00:00:00.000,2.78,2.67,0.409,0.591,0.056,0.161,0.003,Brooklyn,2017-18,342622.0,23277.0,25578.0,25928.0,25812.0,26253.0,25851.0,25690.0,24166.0,23883.0,23168.0,25220.0,24751.0,20692.0,22353.0,165532.0,0.483,177070.0,0.517,55732.0,0.163,123782.0,0.361,95225.0,0.278,3238.0,0.009,2760.0,0.008,60569.0,0.177,1316.0,0.004,67444.0,0.197,44390.0,0.13,261947.0,0.765,0.737
17K548,Brooklyn School for Music & Theatre,High School,278,0.67,0.9,0.62,0.91,0.84,0.9,Proficient,Developing,Proficient,Proficient,Proficient,Well Developed,Well Developed,Proficient,Proficient,Proficient,2017-03-01T00:00:00.000,2.66,2.36,0.687,0.313,0.025,0.209,0.004,Brooklyn,2016-17,344408.0,24126.0,25680.0,26405.0,26928.0,26474.0,25928.0,24746.0,24154.0,23291.0,22933.0,25423.0,25203.0,21052.0,22065.0,166334.0,0.483,178072.0,0.517,54910.0,0.159,127475.0,0.37,95690.0,0.278,2884.0,0.008,2630.0,0.008,59440.0,0.173,1379.0,0.004,66309.0,0.193,44335.0,0.129,244956.0,0.711,0.632
17K590,Medgar Evers College Preparatory School,High School,895,0.78,0.82,0.57,0.88,0.95,0.82,Proficient,Proficient,Proficient,Well Developed,Proficient,Well Developed,Well Developed,Well Developed,Proficient,Proficient,2018-11-01T00:00:00.000,3.64,3.67,0.581,0.419,0.003,0.084,0.002,Brooklyn,2018-19,339985.0,24104.0,24074.0,25562.0,25159.0,25060.0,25561.0,25307.0,25044.0,23912.0,23663.0,25112.0,24739.0,20476.0,22212.0,164322.0,0.483,175662.0,0.517,56134.0,0.165,119917.0,0.353,94884.0,0.279,3651.0,0.011,2787.0,0.008,61262.0,0.18,1350.0,0.004,68086.0,0.2,42678.0,0.126,255263.0,0.751,0.728
17K600,Clara Barton High School,High School,1253,0.69,0.75,0.56,0.76,0.79,0.8,Proficient,Developing,Developing,Proficient,Proficient,Proficient,Proficient,Proficient,Proficient,Proficient,2016-12-01T00:00:00.000,2.86,2.56,0.771,0.229,0.07,0.172,0.061,Brooklyn,2016-17,344408.0,24126.0,25680.0,26405.0,26928.0,26474.0,25928.0,24746.0,24154.0,23291.0,22933.0,25423.0,25203.0,21052.0,22065.0,166334.0,0.483,178072.0,0.517,54910.0,0.159,127475.0,0.37,95690.0,0.278,2884.0,0.008,2630.0,0.008,59440.0,0.173,1379.0,0.004,66309.0,0.193,44335.0,0.129,244956.0,0.711,0.632
17K745,Brooklyn Institute for Liberal Arts,High School,461,,,,0.74,0.86,0.86,Well Developed,Proficient,Proficient,Well Developed,Proficient,Well Developed,Well Developed,Proficient,Proficient,Proficient,2018-04-01T00:00:00.000,2.82,2.53,0.547,0.453,0.039,0.204,0.009,Brooklyn,2017-18,342622.0,23277.0,25578.0,25928.0,25812.0,26253.0,25851.0,25690.0,24166.0,23883.0,23168.0,25220.0,24751.0,20692.0,22353.0,165532.0,0.483,177070.0,0.517,55732.0,0.163,123782.0,0.361,95225.0,0.278,3238.0,0.009,2760.0,0.008,60569.0,0.177,1316.0,0.004,67444.0,0.197,44390.0,0.13,261947.0,0.765,0.737
17K751,Academy for Health Careers,High School,277,0.82,0.84,0.79,0.89,0.92,0.96,Proficient,Developing,Developing,Proficient,Proficient,Proficient,Proficient,Developing,Well Developed,Proficient,2017-03-01T00:00:00.000,2.77,2.5,0.736,0.264,0.036,0.148,0.032,Brooklyn,2016-17,344408.0,24126.0,25680.0,26405.0,26928.0,26474.0,25928.0,24746.0,24154.0,23291.0,22933.0,25423.0,25203.0,21052.0,22065.0,166334.0,0.483,178072.0,0.517,54910.0,0.159,127475.0,0.37,95690.0,0.278,2884.0,0.008,2630.0,0.008,59440.0,0.173,1379.0,0.004,66309.0,0.193,44335.0,0.129,244956.0,0.711,0.632
18K563,It Takes a Village Academy,High School,620,0.86,0.85,0.92,0.85,0.91,0.85,Well Developed,Proficient,Well Developed,Well Developed,Well Developed,No Data,No Data,No Data,No Data,No Data,2015-02-25T00:00:00.000,2.79,2.64,0.429,0.571,0.152,0.158,0.024,Brooklyn,2014-15,,,,,,,,,,,,,,,,,,,,,,,,,,,,,,,,,,,,,,,,
18K566,Brooklyn Community High School for Excellence and,High School,204,0.67,0.74,0.65,0.78,0.88,0.85,Well Developed,Proficient,Proficient,Well Developed,Well Developed,Well Developed,Well Developed,Proficient,Proficient,Proficient,2017-05-01T00:00:00.000,2.52,2.2,0.324,0.676,0.113,0.221,0.0,Brooklyn,2016-17,344408.0,24126.0,25680.0,26405.0,26928.0,26474.0,25928.0,24746.0,24154.0,23291.0,22933.0,25423.0,25203.0,21052.0,22065.0,166334.0,0.483,178072.0,0.517,54910.0,0.159,127475.0,0.37,95690.0,0.278,2884.0,0.008,2630.0,0.008,59440.0,0.173,1379.0,0.004,66309.0,0.193,44335.0,0.129,244956.0,0.711,0.632
18K567,Brooklyn Theatre Arts High School,High School,338,0.59,0.79,0.65,0.54,0.77,0.8,Developing,Developing,Developing,Proficient,Developing,Proficient,Proficient,Proficient,Proficient,Developing,2017-10-01T00:00:00.000,2.65,2.31,0.586,0.414,0.027,0.192,0.006,Brooklyn,2017-18,342622.0,23277.0,25578.0,25928.0,25812.0,26253.0,25851.0,25690.0,24166.0,23883.0,23168.0,25220.0,24751.0,20692.0,22353.0,165532.0,0.483,177070.0,0.517,55732.0,0.163,123782.0,0.361,95225.0,0.278,3238.0,0.009,2760.0,0.008,60569.0,0.177,1316.0,0.004,67444.0,0.197,44390.0,0.13,261947.0,0.765,0.737
18K569,Kurt Hahn Expeditionary Learning School,High School,259,0.66,0.92,0.64,,,0.78,Proficient,Proficient,Proficient,Well Developed,Proficient,Well Developed,Proficient,Proficient,Proficient,Proficient,2018-12-01T00:00:00.000,2.47,2.19,0.328,0.672,0.062,0.309,0.039,Brooklyn,2018-19,339985.0,24104.0,24074.0,25562.0,25159.0,25060.0,25561.0,25307.0,25044.0,23912.0,23663.0,25112.0,24739.0,20476.0,22212.0,164322.0,0.483,175662.0,0.517,56134.0,0.165,119917.0,0.353,94884.0,0.279,3651.0,0.011,2787.0,0.008,61262.0,0.18,1350.0,0.004,68086.0,0.2,42678.0,0.126,255263.0,0.751,0.728
18K576,Victory Collegiate High School,High School,307,0.71,0.68,0.66,0.77,0.89,0.86,Well Developed,Well Developed,Well Developed,Well Developed,Well Developed,No Data,No Data,No Data,No Data,No Data,2015-05-13T00:00:00.000,2.58,2.29,0.45,0.55,0.055,0.208,0.013,Brooklyn,2014-15,,,,,,,,,,,,,,,,,,,,,,,,,,,,,,,,,,,,,,,,
18K617,High School for Innovation in Advertising and Medi,High School,208,0.78,0.75,0.84,0.62,0.83,0.81,Proficient,Proficient,Proficient,Proficient,Proficient,Proficient,Well Developed,Proficient,Proficient,Proficient,2016-10-01T00:00:00.000,2.56,2.4,0.207,0.793,0.048,0.231,0.058,Brooklyn,2016-17,344408.0,24126.0,25680.0,26405.0,26928.0,26474.0,25928.0,24746.0,24154.0,23291.0,22933.0,25423.0,25203.0,21052.0,22065.0,166334.0,0.483,178072.0,0.517,54910.0,0.159,127475.0,0.37,95690.0,0.278,2884.0,0.008,2630.0,0.008,59440.0,0.173,1379.0,0.004,66309.0,0.193,44335.0,0.129,244956.0,0.711,0.632
18K629,Cultural Academy for the Arts and Sciences,High School,251,0.64,0.79,0.69,0.86,0.89,0.85,Proficient,Developing,Developing,Proficient,Proficient,Proficient,Proficient,Proficient,Proficient,Developing,2017-05-01T00:00:00.000,2.58,2.34,0.486,0.514,0.08,0.211,0.004,Brooklyn,2016-17,344408.0,24126.0,25680.0,26405.0,26928.0,26474.0,25928.0,24746.0,24154.0,23291.0,22933.0,25423.0,25203.0,21052.0,22065.0,166334.0,0.483,178072.0,0.517,54910.0,0.159,127475.0,0.37,95690.0,0.278,2884.0,0.008,2630.0,0.008,59440.0,0.173,1379.0,0.004,66309.0,0.193,44335.0,0.129,244956.0,0.711,0.632
18K633,High School for Medical Professions,High School,454,0.7,0.81,0.65,0.82,0.84,0.86,Well Developed,Proficient,Proficient,Proficient,Proficient,No Data,No Data,No Data,No Data,No Data,2016-03-17T00:00:00.000,2.82,2.59,0.659,0.341,0.053,0.143,0.0,Brooklyn,2015-16,,,,,,,,,,,,,,,,,,,,,,,,,,,,,,,,,,,,,,,,
18K637,Academy for Conservation and the Environment,High School,306,0.8,0.95,0.75,0.98,0.96,0.95,Well Developed,Proficient,Proficient,Well Developed,Proficient,Well Developed,Well Developed,Proficient,Well Developed,Well Developed,2019-05-01T00:00:00.000,2.68,2.35,0.373,0.627,0.098,0.186,0.007,Brooklyn,2018-19,339985.0,24104.0,24074.0,25562.0,25159.0,25060.0,25561.0,25307.0,25044.0,23912.0,23663.0,25112.0,24739.0,20476.0,22212.0,164322.0,0.483,175662.0,0.517,56134.0,0.165,119917.0,0.353,94884.0,0.279,3651.0,0.011,2787.0,0.008,61262.0,0.18,1350.0,0.004,68086.0,0.2,42678.0,0.126,255263.0,0.751,0.728
18K642,Urban Action Academy,High School,209,0.72,0.82,0.58,0.93,0.91,0.95,Proficient,Proficient,Well Developed,Well Developed,Proficient,Well Developed,Well Developed,Proficient,Well Developed,Proficient,2017-03-01T00:00:00.000,2.41,2.19,0.373,0.627,0.191,0.187,0.024,Brooklyn,2016-17,344408.0,24126.0,25680.0,26405.0,26928.0,26474.0,25928.0,24746.0,24154.0,23291.0,22933.0,25423.0,25203.0,21052.0,22065.0,166334.0,0.483,178072.0,0.517,54910.0,0.159,127475.0,0.37,95690.0,0.278,2884.0,0.008,2630.0,0.008,59440.0,0.173,1379.0,0.004,66309.0,0.193,44335.0,0.129,244956.0,0.711,0.632
19K404,Academy for Young Writers,High School,339,0.74,0.9,0.71,0.93,0.89,0.92,Proficient,Proficient,Proficient,Well Developed,Proficient,Well Developed,Well Developed,Proficient,Proficient,Proficient,2018-03-01T00:00:00.000,2.89,2.35,0.608,0.392,0.038,0.209,0.009,Brooklyn,2017-18,342622.0,23277.0,25578.0,25928.0,25812.0,26253.0,25851.0,25690.0,24166.0,23883.0,23168.0,25220.0,24751.0,20692.0,22353.0,165532.0,0.483,177070.0,0.517,55732.0,0.163,123782.0,0.361,95225.0,0.278,3238.0,0.009,2760.0,0.008,60569.0,0.177,1316.0,0.004,67444.0,0.197,44390.0,0.13,261947.0,0.765,0.737
19K409,East New York Family Academy,High School,306,0.77,0.83,0.68,0.86,0.83,0.82,Proficient,Proficient,Proficient,Well Developed,Proficient,Proficient,Well Developed,Well Developed,Well Developed,Proficient,2018-03-01T00:00:00.000,2.79,2.68,0.467,0.533,0.029,0.225,0.003,Brooklyn,2017-18,342622.0,23277.0,25578.0,25928.0,25812.0,26253.0,25851.0,25690.0,24166.0,23883.0,23168.0,25220.0,24751.0,20692.0,22353.0,165532.0,0.483,177070.0,0.517,55732.0,0.163,123782.0,0.361,95225.0,0.278,3238.0,0.009,2760.0,0.008,60569.0,0.177,1316.0,0.004,67444.0,0.197,44390.0,0.13,261947.0,0.765,0.737
19K422,Spring Creek Community School,High School,320,0.72,0.89,0.64,0.78,0.81,0.77,Proficient,Proficient,Well Developed,Well Developed,Well Developed,Well Developed,Well Developed,Proficient,Well Developed,Well Developed,2018-02-01T00:00:00.000,2.72,2.49,0.444,0.556,0.022,0.234,0.006,Brooklyn,2017-18,342622.0,23277.0,25578.0,25928.0,25812.0,26253.0,25851.0,25690.0,24166.0,23883.0,23168.0,25220.0,24751.0,20692.0,22353.0,165532.0,0.483,177070.0,0.517,55732.0,0.163,123782.0,0.361,95225.0,0.278,3238.0,0.009,2760.0,0.008,60569.0,0.177,1316.0,0.004,67444.0,0.197,44390.0,0.13,261947.0,0.765,0.737
19K502,FDNY - Captain Vernon A. Richard High School for F,High School,269,0.85,0.93,0.76,0.93,0.81,0.94,Developing,Developing,Proficient,Well Developed,Proficient,Proficient,Proficient,Proficient,Proficient,Proficient,2018-03-01T00:00:00.000,2.45,2.16,0.245,0.755,0.03,0.323,0.037,Brooklyn,2017-18,342622.0,23277.0,25578.0,25928.0,25812.0,26253.0,25851.0,25690.0,24166.0,23883.0,23168.0,25220.0,24751.0,20692.0,22353.0,165532.0,0.483,177070.0,0.517,55732.0,0.163,123782.0,0.361,95225.0,0.278,3238.0,0.009,2760.0,0.008,60569.0,0.177,1316.0,0.004,67444.0,0.197,44390.0,0.13,261947.0,0.765,0.737
19K504,High School for Civil Rights,High School,233,0.82,0.89,0.73,0.96,0.93,0.93,Proficient,Developing,Developing,Proficient,Developing,Proficient,Proficient,Proficient,Proficient,Developing,2016-12-01T00:00:00.000,2.32,2.25,0.425,0.575,0.15,0.3,0.004,Brooklyn,2016-17,344408.0,24126.0,25680.0,26405.0,26928.0,26474.0,25928.0,24746.0,24154.0,23291.0,22933.0,25423.0,25203.0,21052.0,22065.0,166334.0,0.483,178072.0,0.517,54910.0,0.159,127475.0,0.37,95690.0,0.278,2884.0,0.008,2630.0,0.008,59440.0,0.173,1379.0,0.004,66309.0,0.193,44335.0,0.129,244956.0,0.711,0.632
19K507,Performing Arts and Technology High School,High School,379,0.78,0.76,0.83,0.79,0.83,0.89,Proficient,Proficient,Proficient,Well Developed,Well Developed,Well Developed,Well Developed,Proficient,Proficient,Proficient,2019-05-01T00:00:00.000,2.58,2.3,0.607,0.393,0.164,0.235,0.042,Brooklyn,2018-19,339985.0,24104.0,24074.0,25562.0,25159.0,25060.0,25561.0,25307.0,25044.0,23912.0,23663.0,25112.0,24739.0,20476.0,22212.0,164322.0,0.483,175662.0,0.517,56134.0,0.165,119917.0,0.353,94884.0,0.279,3651.0,0.011,2787.0,0.008,61262.0,0.18,1350.0,0.004,68086.0,0.2,42678.0,0.126,255263.0,0.751,0.728
19K510,World Academy for Total Community Health High Scho,High School,199,0.76,0.87,0.68,0.87,0.86,0.86,Developing,Developing,Developing,Proficient,Developing,Proficient,Proficient,Proficient,Proficient,Proficient,2016-12-01T00:00:00.000,2.49,2.29,0.568,0.432,0.146,0.216,0.0,Brooklyn,2016-17,344408.0,24126.0,25680.0,26405.0,26928.0,26474.0,25928.0,24746.0,24154.0,23291.0,22933.0,25423.0,25203.0,21052.0,22065.0,166334.0,0.483,178072.0,0.517,54910.0,0.159,127475.0,0.37,95690.0,0.278,2884.0,0.008,2630.0,0.008,59440.0,0.173,1379.0,0.004,66309.0,0.193,44335.0,0.129,244956.0,0.711,0.632
19K583,Multicultural High School,High School,299,0.87,0.81,0.71,0.85,0.95,0.88,Proficient,Proficient,Proficient,Well Developed,Well Developed,Well Developed,Well Developed,Proficient,Well Developed,Proficient,2018-05-01T00:00:00.000,1.82,1.94,0.458,0.542,0.833,0.01,0.0,Brooklyn,2017-18,342622.0,23277.0,25578.0,25928.0,25812.0,26253.0,25851.0,25690.0,24166.0,23883.0,23168.0,25220.0,24751.0,20692.0,22353.0,165532.0,0.483,177070.0,0.517,55732.0,0.163,123782.0,0.361,95225.0,0.278,3238.0,0.009,2760.0,0.008,60569.0,0.177,1316.0,0.004,67444.0,0.197,44390.0,0.13,261947.0,0.765,0.737
19K615,Transit Tech Career and Technical Education High S,High School,715,0.78,0.77,0.61,0.78,0.87,0.82,Proficient,Developing,Proficient,Proficient,Proficient,Well Developed,Proficient,Proficient,Proficient,Proficient,2016-11-01T00:00:00.000,2.58,2.35,0.145,0.855,0.066,0.263,0.0,Brooklyn,2016-17,344408.0,24126.0,25680.0,26405.0,26928.0,26474.0,25928.0,24746.0,24154.0,23291.0,22933.0,25423.0,25203.0,21052.0,22065.0,166334.0,0.483,178072.0,0.517,54910.0,0.159,127475.0,0.37,95690.0,0.278,2884.0,0.008,2630.0,0.008,59440.0,0.173,1379.0,0.004,66309.0,0.193,44335.0,0.129,244956.0,0.711,0.632
19K618,Academy of Innovative Technology,High School,445,0.87,0.87,0.79,0.89,0.93,0.9,Proficient,Developing,Developing,Proficient,Developing,Well Developed,Well Developed,Proficient,Proficient,Proficient,2020-03-01T00:00:00.000,2.73,2.58,0.202,0.798,0.085,0.227,0.007,Brooklyn,2019-20,342332.0,28420.0,24224.0,24232.0,24979.0,24615.0,24533.0,25172.0,24574.0,24714.0,23736.0,25329.0,24489.0,20942.0,22373.0,165538.0,0.484,176794.0,0.516,57027.0,0.167,117272.0,0.343,96403.0,0.282,4084.0,0.012,2819.0,0.008,62132.0,0.181,2595.0,0.008,67756.0,0.198,41294.0,0.121,254914.0,0.745,0.743
19K639,Brooklyn Lab School,High School,437,0.71,0.84,0.69,0.83,0.91,0.86,Proficient,Proficient,Proficient,Proficient,Developing,Well Developed,Proficient,Proficient,Proficient,Proficient,2020-02-01T00:00:00.000,2.5,2.27,0.373,0.627,0.27,0.197,0.007,Brooklyn,2019-20,342332.0,28420.0,24224.0,24232.0,24979.0,24615.0,24533.0,25172.0,24574.0,24714.0,23736.0,25329.0,24489.0,20942.0,22373.0,165538.0,0.484,176794.0,0.516,57027.0,0.167,117272.0,0.343,96403.0,0.282,4084.0,0.012,2819.0,0.008,62132.0,0.181,2595.0,0.008,67756.0,0.198,41294.0,0.121,254914.0,0.745,0.743
19K659,Cypress Hills Collegiate Preparatory School,High School,348,0.84,0.77,0.66,0.77,0.88,0.7,Proficient,Proficient,Proficient,Proficient,Well Developed,Well Developed,Proficient,Proficient,Proficient,Proficient,2017-04-01T00:00:00.000,2.53,2.38,0.463,0.537,0.175,0.187,0.0,Brooklyn,2016-17,344408.0,24126.0,25680.0,26405.0,26928.0,26474.0,25928.0,24746.0,24154.0,23291.0,22933.0,25423.0,25203.0,21052.0,22065.0,166334.0,0.483,178072.0,0.517,54910.0,0.159,127475.0,0.37,95690.0,0.278,2884.0,0.008,2630.0,0.008,59440.0,0.173,1379.0,0.004,66309.0,0.193,44335.0,0.129,244956.0,0.711,0.632
19K660,W. H. Maxwell Career and Technical Education High,High School,396,0.78,0.93,0.7,0.96,0.99,0.9,Proficient,Developing,Developing,Proficient,Proficient,Proficient,Proficient,Proficient,Proficient,Proficient,2018-03-01T00:00:00.000,2.51,2.26,0.677,0.323,0.111,0.351,0.023,Brooklyn,2017-18,342622.0,23277.0,25578.0,25928.0,25812.0,26253.0,25851.0,25690.0,24166.0,23883.0,23168.0,25220.0,24751.0,20692.0,22353.0,165532.0,0.483,177070.0,0.517,55732.0,0.163,123782.0,0.361,95225.0,0.278,3238.0,0.009,2760.0,0.008,60569.0,0.177,1316.0,0.004,67444.0,0.197,44390.0,0.13,261947.0,0.765,0.737
19K683,School for Classics High School,High School,264,0.77,0.89,0.73,0.88,0.88,0.92,Developing,Developing,Developing,Proficient,Under Developed,Proficient,Proficient,Developing,Proficient,Developing,2019-04-01T00:00:00.000,2.5,2.18,0.53,0.47,0.277,0.189,0.0,Brooklyn,2018-19,339985.0,24104.0,24074.0,25562.0,25159.0,25060.0,25561.0,25307.0,25044.0,23912.0,23663.0,25112.0,24739.0,20476.0,22212.0,164322.0,0.483,175662.0,0.517,56134.0,0.165,119917.0,0.353,94884.0,0.279,3651.0,0.011,2787.0,0.008,61262.0,0.18,1350.0,0.004,68086.0,0.2,42678.0,0.126,255263.0,0.751,0.728
19K764,The Urban Assembly School for Collaborative Health,High School,335,0.75,0.83,0.69,0.86,0.87,0.88,Developing,Developing,Proficient,Proficient,Proficient,Proficient,Proficient,Proficient,Proficient,Proficient,2016-10-01T00:00:00.000,2.81,2.45,0.612,0.388,0.143,0.122,0.0,Brooklyn,2016-17,344408.0,24126.0,25680.0,26405.0,26928.0,26474.0,25928.0,24746.0,24154.0,23291.0,22933.0,25423.0,25203.0,21052.0,22065.0,166334.0,0.483,178072.0,0.517,54910.0,0.159,127475.0,0.37,95690.0,0.278,2884.0,0.008,2630.0,0.008,59440.0,0.173,1379.0,0.004,66309.0,0.193,44335.0,0.129,244956.0,0.711,0.632
20K445,New Utrecht High School,High School,3480,0.77,0.86,0.79,0.88,0.8,0.9,Proficient,Proficient,Proficient,Proficient,Proficient,Proficient,Proficient,Proficient,Proficient,Proficient,2018-04-01T00:00:00.000,2.86,3.02,0.435,0.565,0.188,0.158,0.047,Brooklyn,2017-18,342622.0,23277.0,25578.0,25928.0,25812.0,26253.0,25851.0,25690.0,24166.0,23883.0,23168.0,25220.0,24751.0,20692.0,22353.0,165532.0,0.483,177070.0,0.517,55732.0,0.163,123782.0,0.361,95225.0,0.278,3238.0,0.009,2760.0,0.008,60569.0,0.177,1316.0,0.004,67444.0,0.197,44390.0,0.13,261947.0,0.765,0.737
20K485,High School of Telecommunication Arts and Technolo,High School,1225,0.82,0.85,0.8,0.86,0.86,0.89,Well Developed,Proficient,Proficient,Proficient,Well Developed,Well Developed,Well Developed,Well Developed,Well Developed,Proficient,2017-03-01T00:00:00.000,3.03,3.11,0.415,0.585,0.069,0.181,0.02,Brooklyn,2016-17,344408.0,24126.0,25680.0,26405.0,26928.0,26474.0,25928.0,24746.0,24154.0,23291.0,22933.0,25423.0,25203.0,21052.0,22065.0,166334.0,0.483,178072.0,0.517,54910.0,0.159,127475.0,0.37,95690.0,0.278,2884.0,0.008,2630.0,0.008,59440.0,0.173,1379.0,0.004,66309.0,0.193,44335.0,0.129,244956.0,0.711,0.632
20K490,Fort Hamilton High School,High School,4657,0.78,0.88,0.7,0.9,0.8,0.89,Well Developed,Proficient,Proficient,Well Developed,Proficient,Well Developed,Well Developed,Well Developed,Proficient,Proficient,2017-06-01T00:00:00.000,3.08,3.12,0.475,0.525,0.146,0.144,0.038,Brooklyn,2016-17,344408.0,24126.0,25680.0,26405.0,26928.0,26474.0,25928.0,24746.0,24154.0,23291.0,22933.0,25423.0,25203.0,21052.0,22065.0,166334.0,0.483,178072.0,0.517,54910.0,0.159,127475.0,0.37,95690.0,0.278,2884.0,0.008,2630.0,0.008,59440.0,0.173,1379.0,0.004,66309.0,0.193,44335.0,0.129,244956.0,0.711,0.632
20K505,Franklin Delano Roosevelt High School,High School,3300,0.72,0.72,0.64,0.69,0.76,0.79,Proficient,Developing,Developing,Proficient,Proficient,Proficient,Proficient,Proficient,Proficient,Proficient,2017-05-01T00:00:00.000,2.76,2.81,0.411,0.589,0.276,0.149,0.05,Brooklyn,2016-17,344408.0,24126.0,25680.0,26405.0,26928.0,26474.0,25928.0,24746.0,24154.0,23291.0,22933.0,25423.0,25203.0,21052.0,22065.0,166334.0,0.483,178072.0,0.517,54910.0,0.159,127475.0,0.37,95690.0,0.278,2884.0,0.008,2630.0,0.008,59440.0,0.173,1379.0,0.004,66309.0,0.193,44335.0,0.129,244956.0,0.711,0.632
20K609,Urban Assembly School for Criminal Justice,High School,326,0.89,0.84,0.79,0.84,0.8,0.83,Well Developed,Proficient,Proficient,Well Developed,Proficient,Well Developed,Well Developed,Proficient,Well Developed,Proficient,2019-02-01T00:00:00.000,3.06,3.0,1.0,0.0,0.117,0.135,0.003,Brooklyn,2018-19,339985.0,24104.0,24074.0,25562.0,25159.0,25060.0,25561.0,25307.0,25044.0,23912.0,23663.0,25112.0,24739.0,20476.0,22212.0,164322.0,0.483,175662.0,0.517,56134.0,0.165,119917.0,0.353,94884.0,0.279,3651.0,0.011,2787.0,0.008,61262.0,0.18,1350.0,0.004,68086.0,0.2,42678.0,0.126,255263.0,0.751,0.728
21K337,International High School at Lafayette,High School,365,0.71,0.94,0.8,0.98,0.86,0.95,Well Developed,Proficient,Proficient,Proficient,Proficient,Proficient,Proficient,Proficient,Proficient,Proficient,2017-10-01T00:00:00.000,1.88,2.4,0.419,0.581,0.833,0.019,0.0,Brooklyn,2017-18,342622.0,23277.0,25578.0,25928.0,25812.0,26253.0,25851.0,25690.0,24166.0,23883.0,23168.0,25220.0,24751.0,20692.0,22353.0,165532.0,0.483,177070.0,0.517,55732.0,0.163,123782.0,0.361,95225.0,0.278,3238.0,0.009,2760.0,0.008,60569.0,0.177,1316.0,0.004,67444.0,0.197,44390.0,0.13,261947.0,0.765,0.737
21K344,Rachel Carson High School for Coastal Studies,High School,619,0.8,0.81,0.73,0.73,0.8,0.81,Proficient,Proficient,Developing,Proficient,Proficient,Proficient,Proficient,Proficient,Proficient,Proficient,2017-10-01T00:00:00.000,2.87,2.77,0.447,0.553,0.194,0.16,0.0,Brooklyn,2017-18,342622.0,23277.0,25578.0,25928.0,25812.0,26253.0,25851.0,25690.0,24166.0,23883.0,23168.0,25220.0,24751.0,20692.0,22353.0,165532.0,0.483,177070.0,0.517,55732.0,0.163,123782.0,0.361,95225.0,0.278,3238.0,0.009,2760.0,0.008,60569.0,0.177,1316.0,0.004,67444.0,0.197,44390.0,0.13,261947.0,0.765,0.737
21K348,High School of Sports Management,High School,269,,,,,,,Developing,Developing,Developing,Proficient,Proficient,Proficient,Proficient,Proficient,Developing,Proficient,2017-05-01T00:00:00.000,2.56,2.46,0.216,0.784,0.167,0.223,0.004,Brooklyn,2016-17,344408.0,24126.0,25680.0,26405.0,26928.0,26474.0,25928.0,24746.0,24154.0,23291.0,22933.0,25423.0,25203.0,21052.0,22065.0,166334.0,0.483,178072.0,0.517,54910.0,0.159,127475.0,0.37,95690.0,0.278,2884.0,0.008,2630.0,0.008,59440.0,0.173,1379.0,0.004,66309.0,0.193,44335.0,0.129,244956.0,0.711,0.632
21K410,Abraham Lincoln High School,High School,1837,0.79,0.89,0.74,0.87,0.84,0.9,Well Developed,Proficient,Proficient,Well Developed,Well Developed,Well Developed,Proficient,Proficient,Proficient,Proficient,2017-03-01T00:00:00.000,2.81,2.6,0.416,0.584,0.13,0.169,0.048,Brooklyn,2016-17,344408.0,24126.0,25680.0,26405.0,26928.0,26474.0,25928.0,24746.0,24154.0,23291.0,22933.0,25423.0,25203.0,21052.0,22065.0,166334.0,0.483,178072.0,0.517,54910.0,0.159,127475.0,0.37,95690.0,0.278,2884.0,0.008,2630.0,0.008,59440.0,0.173,1379.0,0.004,66309.0,0.193,44335.0,0.129,244956.0,0.711,0.632
21K468,Kingsborough Early College School,High School,403,0.94,0.97,0.94,0.97,0.96,0.98,Well Developed,Well Developed,Well Developed,Well Developed,Well Developed,Well Developed,Well Developed,Well Developed,Well Developed,Well Developed,2019-11-01T00:00:00.000,3.29,3.05,0.474,0.526,0.007,0.171,0.0,Brooklyn,2019-20,342332.0,28420.0,24224.0,24232.0,24979.0,24615.0,24533.0,25172.0,24574.0,24714.0,23736.0,25329.0,24489.0,20942.0,22373.0,165538.0,0.484,176794.0,0.516,57027.0,0.167,117272.0,0.343,96403.0,0.282,4084.0,0.012,2819.0,0.008,62132.0,0.181,2595.0,0.008,67756.0,0.198,41294.0,0.121,254914.0,0.745,0.743
21K525,Edward R. Murrow High School,High School,3560,0.76,0.85,0.72,0.85,0.82,0.89,Proficient,Proficient,Developing,Well Developed,Well Developed,Well Developed,Well Developed,Proficient,Well Developed,Proficient,2018-04-01T00:00:00.000,3.05,3.16,0.57,0.43,0.087,0.185,0.045,Brooklyn,2017-18,342622.0,23277.0,25578.0,25928.0,25812.0,26253.0,25851.0,25690.0,24166.0,23883.0,23168.0,25220.0,24751.0,20692.0,22353.0,165532.0,0.483,177070.0,0.517,55732.0,0.163,123782.0,0.361,95225.0,0.278,3238.0,0.009,2760.0,0.008,60569.0,0.177,1316.0,0.004,67444.0,0.197,44390.0,0.13,261947.0,0.765,0.737
21K540,John Dewey High School,High School,2199,,,,0.92,0.79,0.93,Proficient,Developing,Proficient,Well Developed,Proficient,Proficient,Well Developed,Proficient,Proficient,Proficient,2017-05-01T00:00:00.000,2.89,2.93,0.508,0.492,0.171,0.133,0.036,Brooklyn,2016-17,344408.0,24126.0,25680.0,26405.0,26928.0,26474.0,25928.0,24746.0,24154.0,23291.0,22933.0,25423.0,25203.0,21052.0,22065.0,166334.0,0.483,178072.0,0.517,54910.0,0.159,127475.0,0.37,95690.0,0.278,2884.0,0.008,2630.0,0.008,59440.0,0.173,1379.0,0.004,66309.0,0.193,44335.0,0.129,244956.0,0.711,0.632
21K559,Life Academy High School for Film and Music,High School,278,0.71,0.81,0.62,0.86,0.82,0.82,Proficient,Proficient,Proficient,Proficient,Proficient,Proficient,Proficient,Proficient,Proficient,Proficient,2018-05-01T00:00:00.000,2.79,2.51,0.547,0.453,0.14,0.209,0.0,Brooklyn,2017-18,342622.0,23277.0,25578.0,25928.0,25812.0,26253.0,25851.0,25690.0,24166.0,23883.0,23168.0,25220.0,24751.0,20692.0,22353.0,165532.0,0.483,177070.0,0.517,55732.0,0.163,123782.0,0.361,95225.0,0.278,3238.0,0.009,2760.0,0.008,60569.0,0.177,1316.0,0.004,67444.0,0.197,44390.0,0.13,261947.0,0.765,0.737
21K572,Leaders High School,High School,387,0.68,0.89,0.74,0.97,0.83,0.94,Well Developed,Well Developed,Well Developed,Well Developed,Well Developed,Well Developed,Well Developed,Well Developed,Well Developed,Well Developed,2019-11-01T00:00:00.000,2.86,2.76,0.468,0.532,0.129,0.204,0.0,Brooklyn,2019-20,342332.0,28420.0,24224.0,24232.0,24979.0,24615.0,24533.0,25172.0,24574.0,24714.0,23736.0,25329.0,24489.0,20942.0,22373.0,165538.0,0.484,176794.0,0.516,57027.0,0.167,117272.0,0.343,96403.0,0.282,4084.0,0.012,2819.0,0.008,62132.0,0.181,2595.0,0.008,67756.0,0.198,41294.0,0.121,254914.0,0.745,0.743
21K620,William E. Grady Career and Technical Education Hi,High School,453,0.77,0.92,0.83,0.92,0.87,0.95,Proficient,Developing,Developing,Proficient,Developing,Proficient,Proficient,Proficient,Proficient,Proficient,2016-11-01T00:00:00.000,2.55,2.41,0.265,0.735,0.079,0.36,0.139,Brooklyn,2016-17,344408.0,24126.0,25680.0,26405.0,26928.0,26474.0,25928.0,24746.0,24154.0,23291.0,22933.0,25423.0,25203.0,21052.0,22065.0,166334.0,0.483,178072.0,0.517,54910.0,0.159,127475.0,0.37,95690.0,0.278,2884.0,0.008,2630.0,0.008,59440.0,0.173,1379.0,0.004,66309.0,0.193,44335.0,0.129,244956.0,0.711,0.632
21K690,Brooklyn Studio Secondary School,High School,592,0.72,0.69,0.64,0.72,0.84,0.78,Proficient,Proficient,Proficient,Proficient,Proficient,Well Developed,Proficient,Proficient,Proficient,Proficient,2017-03-01T00:00:00.000,2.97,2.88,0.486,0.514,0.133,0.193,0.01,Brooklyn,2016-17,344408.0,24126.0,25680.0,26405.0,26928.0,26474.0,25928.0,24746.0,24154.0,23291.0,22933.0,25423.0,25203.0,21052.0,22065.0,166334.0,0.483,178072.0,0.517,54910.0,0.159,127475.0,0.37,95690.0,0.278,2884.0,0.008,2630.0,0.008,59440.0,0.173,1379.0,0.004,66309.0,0.193,44335.0,0.129,244956.0,0.711,0.632
22K405,Midwood High School,High School,4054,0.75,0.7,0.71,0.71,0.77,0.81,Proficient,Proficient,Developing,Proficient,Proficient,Proficient,Proficient,Developing,Proficient,Proficient,2018-02-01T00:00:00.000,3.51,3.56,0.561,0.439,0.026,0.126,0.023,Brooklyn,2017-18,342622.0,23277.0,25578.0,25928.0,25812.0,26253.0,25851.0,25690.0,24166.0,23883.0,23168.0,25220.0,24751.0,20692.0,22353.0,165532.0,0.483,177070.0,0.517,55732.0,0.163,123782.0,0.361,95225.0,0.278,3238.0,0.009,2760.0,0.008,60569.0,0.177,1316.0,0.004,67444.0,0.197,44390.0,0.13,261947.0,0.765,0.737
22K425,James Madison High School,High School,3878,0.77,0.88,0.73,0.89,0.84,0.9,Proficient,Developing,Developing,Well Developed,Developing,Developing,Proficient,Proficient,Developing,Developing,2017-11-01T00:00:00.000,3.09,3.09,0.423,0.577,0.111,0.152,0.039,Brooklyn,2017-18,342622.0,23277.0,25578.0,25928.0,25812.0,26253.0,25851.0,25690.0,24166.0,23883.0,23168.0,25220.0,24751.0,20692.0,22353.0,165532.0,0.483,177070.0,0.517,55732.0,0.163,123782.0,0.361,95225.0,0.278,3238.0,0.009,2760.0,0.008,60569.0,0.177,1316.0,0.004,67444.0,0.197,44390.0,0.13,261947.0,0.765,0.737
22K535,Leon M. Goldstein High School for the Sciences,High School,977,0.72,0.86,0.78,0.86,0.74,0.85,Proficient,Proficient,Developing,Proficient,Proficient,Well Developed,Proficient,Proficient,Proficient,Proficient,2016-11-01T00:00:00.000,3.76,3.96,0.553,0.447,0.007,0.175,0.028,Brooklyn,2016-17,344408.0,24126.0,25680.0,26405.0,26928.0,26474.0,25928.0,24746.0,24154.0,23291.0,22933.0,25423.0,25203.0,21052.0,22065.0,166334.0,0.483,178072.0,0.517,54910.0,0.159,127475.0,0.37,95690.0,0.278,2884.0,0.008,2630.0,0.008,59440.0,0.173,1379.0,0.004,66309.0,0.193,44335.0,0.129,244956.0,0.711,0.632
22K555,Brooklyn College Academy,High School,652,0.85,0.92,0.81,0.92,0.86,0.92,Well Developed,Well Developed,Proficient,Well Developed,Well Developed,No Data,No Data,No Data,No Data,No Data,2016-01-12T00:00:00.000,3.46,3.48,0.656,0.344,0.006,0.153,0.0,Brooklyn,2015-16,,,,,,,,,,,,,,,,,,,,,,,,,,,,,,,,,,,,,,,,
22K611,Origins High School,High School,407,0.7,0.87,0.73,0.84,0.87,0.94,Proficient,Proficient,Proficient,Well Developed,Proficient,Proficient,Well Developed,Proficient,Well Developed,Proficient,2018-03-01T00:00:00.000,2.78,2.52,0.494,0.506,0.27,0.115,0.0,Brooklyn,2017-18,342622.0,23277.0,25578.0,25928.0,25812.0,26253.0,25851.0,25690.0,24166.0,23883.0,23168.0,25220.0,24751.0,20692.0,22353.0,165532.0,0.483,177070.0,0.517,55732.0,0.163,123782.0,0.361,95225.0,0.278,3238.0,0.009,2760.0,0.008,60569.0,0.177,1316.0,0.004,67444.0,0.197,44390.0,0.13,261947.0,0.765,0.737
23K493,Brooklyn Collegiate: A College Board School,High School,305,,,,0.95,0.96,0.98,Proficient,Proficient,Developing,Proficient,Proficient,Proficient,Well Developed,Proficient,Well Developed,Proficient,2018-04-01T00:00:00.000,2.66,2.33,0.479,0.521,0.062,0.243,0.003,Brooklyn,2017-18,342622.0,23277.0,25578.0,25928.0,25812.0,26253.0,25851.0,25690.0,24166.0,23883.0,23168.0,25220.0,24751.0,20692.0,22353.0,165532.0,0.483,177070.0,0.517,55732.0,0.163,123782.0,0.361,95225.0,0.278,3238.0,0.009,2760.0,0.008,60569.0,0.177,1316.0,0.004,67444.0,0.197,44390.0,0.13,261947.0,0.765,0.737
23K514,Frederick Douglass Academy VII High School,High School,140,0.85,0.91,0.76,0.98,0.92,0.93,Proficient,Proficient,Proficient,Well Developed,Proficient,Proficient,Proficient,Proficient,Proficient,Proficient,2017-05-01T00:00:00.000,2.46,2.28,0.493,0.507,0.029,0.307,0.014,Brooklyn,2016-17,344408.0,24126.0,25680.0,26405.0,26928.0,26474.0,25928.0,24746.0,24154.0,23291.0,22933.0,25423.0,25203.0,21052.0,22065.0,166334.0,0.483,178072.0,0.517,54910.0,0.159,127475.0,0.37,95690.0,0.278,2884.0,0.008,2630.0,0.008,59440.0,0.173,1379.0,0.004,66309.0,0.193,44335.0,0.129,244956.0,0.711,0.632
23K644,Eagle Academy for Young Men II,High School,358,0.98,0.99,1.0,0.97,0.92,0.94,Well Developed,Proficient,Well Developed,Well Developed,Well Developed,Well Developed,Well Developed,Proficient,Proficient,Well Developed,2019-11-01T00:00:00.000,2.49,2.97,0.0,1.0,0.008,0.265,0.0,Brooklyn,2019-20,342332.0,28420.0,24224.0,24232.0,24979.0,24615.0,24533.0,25172.0,24574.0,24714.0,23736.0,25329.0,24489.0,20942.0,22373.0,165538.0,0.484,176794.0,0.516,57027.0,0.167,117272.0,0.343,96403.0,0.282,4084.0,0.012,2819.0,0.008,62132.0,0.181,2595.0,0.008,67756.0,0.198,41294.0,0.121,254914.0,0.745,0.743
23K697,Teachers Preparatory High School,High School,163,0.71,0.87,0.66,,,0.77,Proficient,Developing,Developing,Proficient,Developing,Proficient,Proficient,Developing,Proficient,Developing,2017-04-01T00:00:00.000,2.23,2.01,0.423,0.577,0.104,0.436,0.11,Brooklyn,2016-17,344408.0,24126.0,25680.0,26405.0,26928.0,26474.0,25928.0,24746.0,24154.0,23291.0,22933.0,25423.0,25203.0,21052.0,22065.0,166334.0,0.483,178072.0,0.517,54910.0,0.159,127475.0,0.37,95690.0,0.278,2884.0,0.008,2630.0,0.008,59440.0,0.173,1379.0,0.004,66309.0,0.193,44335.0,0.129,244956.0,0.711,0.632
24Q236,International High School for Health Sciences,High School,291,0.73,0.83,0.78,0.83,0.92,0.87,Proficient,Proficient,Proficient,Proficient,Proficient,Well Developed,Well Developed,Proficient,Proficient,Proficient,2017-03-01T00:00:00.000,2.14,2.27,0.519,0.481,0.739,0.045,0.0,Queens,2016-17,310741.0,20983.0,22763.0,23431.0,23233.0,23310.0,23686.0,22476.0,22046.0,21637.0,21558.0,23193.0,25193.0,19006.0,18226.0,149073.0,0.48,161668.0,0.52,87534.0,0.282,56609.0,0.182,117008.0,0.377,2560.0,0.008,5401.0,0.017,40382.0,0.13,1247.0,0.004,53236.0,0.171,44828.0,0.144,207432.0,0.668,0.502
24Q264,Academy of Finance and Enterprise,High School,677,0.82,0.91,0.79,0.89,0.86,0.91,Well Developed,Well Developed,Proficient,Well Developed,Well Developed,Well Developed,Well Developed,Well Developed,Well Developed,Well Developed,2019-12-01T00:00:00.000,3.2,3.35,0.505,0.495,0.034,0.118,0.001,Queens,2019-20,305623.0,23558.0,21717.0,21874.0,22006.0,21774.0,22039.0,22332.0,22283.0,22601.0,21918.0,22989.0,23928.0,18260.0,18344.0,146795.0,0.48,158828.0,0.52,86094.0,0.282,52190.0,0.171,117619.0,0.385,3444.0,0.011,6195.0,0.02,38270.0,0.125,1811.0,0.006,54520.0,0.178,42266.0,0.138,217708.0,0.712,0.672
24Q267,High School of Applied Communication,High School,408,0.71,0.83,0.61,0.82,0.89,0.81,Proficient,Developing,Proficient,Proficient,Proficient,Proficient,Proficient,Proficient,Proficient,Proficient,2019-05-01T00:00:00.000,2.79,2.55,0.441,0.559,0.061,0.174,0.0,Queens,2018-19,307114.0,21609.0,21936.0,22376.0,22254.0,22381.0,22540.0,22846.0,22748.0,21884.0,21801.0,23084.0,24310.0,18298.0,19047.0,147355.0,0.48,159759.0,0.52,86907.0,0.283,53718.0,0.175,116969.0,0.381,3198.0,0.01,6034.0,0.02,39007.0,0.127,1281.0,0.004,54805.0,0.178,43773.0,0.143,218554.0,0.712,0.652
24Q293,Civic Leadership Academy,High School,646,0.76,0.76,0.77,0.75,0.81,0.83,Well Developed,Proficient,Proficient,Well Developed,Proficient,Proficient,Well Developed,Well Developed,Proficient,Proficient,2019-12-01T00:00:00.000,3.11,2.97,0.529,0.471,0.067,0.159,0.034,Queens,2019-20,305623.0,23558.0,21717.0,21874.0,22006.0,21774.0,22039.0,22332.0,22283.0,22601.0,21918.0,22989.0,23928.0,18260.0,18344.0,146795.0,0.48,158828.0,0.52,86094.0,0.282,52190.0,0.171,117619.0,0.385,3444.0,0.011,6195.0,0.02,38270.0,0.125,1811.0,0.006,54520.0,0.178,42266.0,0.138,217708.0,0.712,0.672
24Q296,Pan American International High School,High School,433,0.83,0.9,0.81,0.87,0.92,0.94,Well Developed,Proficient,Proficient,Well Developed,Well Developed,Well Developed,Proficient,Well Developed,Well Developed,Proficient,2017-05-01T00:00:00.000,1.87,1.95,0.439,0.561,0.769,0.018,0.0,Queens,2016-17,310741.0,20983.0,22763.0,23431.0,23233.0,23310.0,23686.0,22476.0,22046.0,21637.0,21558.0,23193.0,25193.0,19006.0,18226.0,149073.0,0.48,161668.0,0.52,87534.0,0.282,56609.0,0.182,117008.0,0.377,2560.0,0.008,5401.0,0.017,40382.0,0.13,1247.0,0.004,53236.0,0.171,44828.0,0.144,207432.0,0.668,0.502
24Q299,Bard High School Early College Queens,High School,637,0.9,0.82,0.85,0.86,0.87,0.92,Well Developed,Well Developed,Well Developed,Well Developed,Well Developed,No Data,No Data,No Data,No Data,No Data,2015-04-22T00:00:00.000,3.93,4.15,0.639,0.361,0.003,0.085,0.0,Queens,2014-15,,,,,,,,,,,,,,,,,,,,,,,,,,,,,,,,,,,,,,,,
24Q455,Newtown High School,High School,1657,0.78,0.88,0.7,0.9,0.86,0.91,Proficient,Proficient,Developing,Well Developed,Proficient,Proficient,Well Developed,Proficient,Developing,Proficient,2018-03-01T00:00:00.000,2.71,2.59,0.406,0.594,0.233,0.147,0.03,Queens,2017-18,309302.0,20946.0,22434.0,22767.0,22911.0,22854.0,22933.0,23384.0,22039.0,21826.0,21740.0,23257.0,24541.0,18815.0,18855.0,148591.0,0.48,160701.0,0.52,87556.0,0.283,55101.0,0.178,116896.0,0.378,2898.0,0.009,5894.0,0.019,39747.0,0.129,1210.0,0.004,54174.0,0.175,44773.0,0.145,226458.0,0.732,0.658
24Q485,Grover Cleveland High School,High School,1683,0.77,0.85,0.76,0.81,0.77,0.85,Proficient,Developing,Developing,Proficient,Proficient,Well Developed,Proficient,Proficient,Proficient,Proficient,2017-03-01T00:00:00.000,2.68,2.58,0.453,0.547,0.16,0.202,0.071,Queens,2016-17,310741.0,20983.0,22763.0,23431.0,23233.0,23310.0,23686.0,22476.0,22046.0,21637.0,21558.0,23193.0,25193.0,19006.0,18226.0,149073.0,0.48,161668.0,0.52,87534.0,0.282,56609.0,0.182,117008.0,0.377,2560.0,0.008,5401.0,0.017,40382.0,0.13,1247.0,0.004,53236.0,0.171,44828.0,0.144,207432.0,0.668,0.502
24Q520,Middle College High School at LaGuardia Community,High School,507,0.87,0.77,0.8,0.8,0.81,0.81,Proficient,Proficient,Proficient,Well Developed,Proficient,Proficient,Proficient,Proficient,Proficient,Proficient,2017-11-01T00:00:00.000,3.02,2.99,0.548,0.452,0.012,0.16,0.0,Queens,2017-18,309302.0,20946.0,22434.0,22767.0,22911.0,22854.0,22933.0,23384.0,22039.0,21826.0,21740.0,23257.0,24541.0,18815.0,18855.0,148591.0,0.48,160701.0,0.52,87556.0,0.283,55101.0,0.178,116896.0,0.378,2898.0,0.009,5894.0,0.019,39747.0,0.129,1210.0,0.004,54174.0,0.175,44773.0,0.145,226458.0,0.732,0.658
24Q530,International High School at LaGuardia Community C,High School,519,0.85,0.83,0.64,0.8,0.91,0.83,Well Developed,Proficient,Well Developed,Well Developed,Well Developed,Well Developed,Well Developed,Well Developed,Well Developed,Well Developed,2020-02-01T00:00:00.000,2.03,2.38,0.563,0.437,0.545,0.021,0.0,Queens,2019-20,305623.0,23558.0,21717.0,21874.0,22006.0,21774.0,22039.0,22332.0,22283.0,22601.0,21918.0,22989.0,23928.0,18260.0,18344.0,146795.0,0.48,158828.0,0.52,86094.0,0.282,52190.0,0.171,117619.0,0.385,3444.0,0.011,6195.0,0.02,38270.0,0.125,1811.0,0.006,54520.0,0.178,42266.0,0.138,217708.0,0.712,0.672
24Q550,High School for Arts and Business,High School,778,0.83,0.95,0.79,0.95,0.94,0.9,Well Developed,Proficient,Proficient,Well Developed,Well Developed,No Data,No Data,No Data,No Data,No Data,2015-03-25T00:00:00.000,2.95,2.85,0.521,0.479,0.078,0.153,0.003,Queens,2014-15,,,,,,,,,,,,,,,,,,,,,,,,,,,,,,,,,,,,,,,,
24Q560,"Robert F. Wagner, Jr. Secondary School for Arts an",High School,493,0.77,0.75,0.89,0.81,0.91,0.9,Proficient,Proficient,Proficient,Well Developed,Well Developed,Well Developed,Proficient,Proficient,Proficient,Proficient,2016-11-01T00:00:00.000,3.05,3.09,0.444,0.556,0.022,0.176,0.002,Queens,2016-17,310741.0,20983.0,22763.0,23431.0,23233.0,23310.0,23686.0,22476.0,22046.0,21637.0,21558.0,23193.0,25193.0,19006.0,18226.0,149073.0,0.48,161668.0,0.52,87534.0,0.282,56609.0,0.182,117008.0,0.377,2560.0,0.008,5401.0,0.017,40382.0,0.13,1247.0,0.004,53236.0,0.171,44828.0,0.144,207432.0,0.668,0.502
24Q585,Maspeth High School,High School,1232,0.81,0.89,0.76,0.87,0.86,0.89,Well Developed,Well Developed,Well Developed,Well Developed,Well Developed,No Data,No Data,No Data,No Data,No Data,2015-12-08T00:00:00.000,3.27,3.29,0.504,0.496,0.03,0.143,0.0,Queens,2015-16,,,,,,,,,,,,,,,,,,,,,,,,,,,,,,,,,,,,,,,,
24Q600,Queens Technical High School,High School,1461,0.69,0.77,0.72,0.79,0.85,0.84,Proficient,Developing,Proficient,Well Developed,Proficient,Proficient,Proficient,Proficient,Developing,Proficient,2017-11-01T00:00:00.000,2.97,3.0,0.389,0.611,0.051,0.176,0.038,Queens,2017-18,309302.0,20946.0,22434.0,22767.0,22911.0,22854.0,22933.0,23384.0,22039.0,21826.0,21740.0,23257.0,24541.0,18815.0,18855.0,148591.0,0.48,160701.0,0.52,87556.0,0.283,55101.0,0.178,116896.0,0.378,2898.0,0.009,5894.0,0.019,39747.0,0.129,1210.0,0.004,54174.0,0.175,44773.0,0.145,226458.0,0.732,0.658
24Q610,Aviation Career & Technical Education High School,High School,2064,,,,0.95,0.83,0.93,Well Developed,Proficient,Proficient,Well Developed,Proficient,Well Developed,Well Developed,Proficient,Well Developed,Proficient,2018-10-01T00:00:00.000,3.45,3.71,0.199,0.801,0.025,0.133,0.036,Queens,2018-19,307114.0,21609.0,21936.0,22376.0,22254.0,22381.0,22540.0,22846.0,22748.0,21884.0,21801.0,23084.0,24310.0,18298.0,19047.0,147355.0,0.48,159759.0,0.52,86907.0,0.283,53718.0,0.175,116969.0,0.381,3198.0,0.01,6034.0,0.02,39007.0,0.127,1281.0,0.004,54805.0,0.178,43773.0,0.143,218554.0,0.712,0.652
25Q240,Veritas Academy,High School,608,,,,0.91,0.78,0.94,Well Developed,Proficient,Proficient,Well Developed,Well Developed,Well Developed,Well Developed,Well Developed,Proficient,Well Developed,2018-11-01T00:00:00.000,2.83,2.74,0.531,0.469,0.087,0.184,0.066,Queens,2018-19,307114.0,21609.0,21936.0,22376.0,22254.0,22381.0,22540.0,22846.0,22748.0,21884.0,21801.0,23084.0,24310.0,18298.0,19047.0,147355.0,0.48,159759.0,0.52,86907.0,0.283,53718.0,0.175,116969.0,0.381,3198.0,0.01,6034.0,0.02,39007.0,0.127,1281.0,0.004,54805.0,0.178,43773.0,0.143,218554.0,0.712,0.652
25Q241,Queens High School for Language Studies,High School,447,0.88,0.96,0.98,0.95,0.88,0.96,Proficient,Developing,Developing,Proficient,Proficient,Well Developed,Well Developed,Well Developed,Well Developed,Proficient,2016-12-01T00:00:00.000,3.04,3.12,0.582,0.418,0.199,0.051,0.002,Queens,2016-17,310741.0,20983.0,22763.0,23431.0,23233.0,23310.0,23686.0,22476.0,22046.0,21637.0,21558.0,23193.0,25193.0,19006.0,18226.0,149073.0,0.48,161668.0,0.52,87534.0,0.282,56609.0,0.182,117008.0,0.377,2560.0,0.008,5401.0,0.017,40382.0,0.13,1247.0,0.004,53236.0,0.171,44828.0,0.144,207432.0,0.668,0.502
25Q252,"Queens School of Inquiry, The",High School,347,0.76,0.83,0.7,0.85,0.87,0.89,Well Developed,Well Developed,Well Developed,Well Developed,Well Developed,Well Developed,Well Developed,Well Developed,Proficient,Well Developed,2019-05-01T00:00:00.000,3.23,3.41,0.499,0.501,0.012,0.159,0.0,Queens,2018-19,307114.0,21609.0,21936.0,22376.0,22254.0,22381.0,22540.0,22846.0,22748.0,21884.0,21801.0,23084.0,24310.0,18298.0,19047.0,147355.0,0.48,159759.0,0.52,86907.0,0.283,53718.0,0.175,116969.0,0.381,3198.0,0.01,6034.0,0.02,39007.0,0.127,1281.0,0.004,54805.0,0.178,43773.0,0.143,218554.0,0.712,0.652
25Q263,Flushing International High School,High School,449,0.82,0.96,0.84,0.93,0.86,0.96,Well Developed,Proficient,Well Developed,Well Developed,Well Developed,Well Developed,Well Developed,Proficient,Proficient,Well Developed,2018-04-01T00:00:00.000,1.85,2.4,0.423,0.577,0.824,0.022,0.0,Queens,2017-18,309302.0,20946.0,22434.0,22767.0,22911.0,22854.0,22933.0,23384.0,22039.0,21826.0,21740.0,23257.0,24541.0,18815.0,18855.0,148591.0,0.48,160701.0,0.52,87556.0,0.283,55101.0,0.178,116896.0,0.378,2898.0,0.009,5894.0,0.019,39747.0,0.129,1210.0,0.004,54174.0,0.175,44773.0,0.145,226458.0,0.732,0.658
25Q281,East-West School of International Studies,High School,365,0.82,0.87,0.78,0.87,0.9,0.88,Proficient,Proficient,Proficient,Well Developed,Well Developed,Well Developed,Well Developed,Well Developed,Well Developed,Proficient,2018-12-01T00:00:00.000,3.07,3.46,0.447,0.553,0.044,0.159,0.014,Queens,2018-19,307114.0,21609.0,21936.0,22376.0,22254.0,22381.0,22540.0,22846.0,22748.0,21884.0,21801.0,23084.0,24310.0,18298.0,19047.0,147355.0,0.48,159759.0,0.52,86907.0,0.283,53718.0,0.175,116969.0,0.381,3198.0,0.01,6034.0,0.02,39007.0,0.127,1281.0,0.004,54805.0,0.178,43773.0,0.143,218554.0,0.712,0.652
25Q285,World Journalism Preparatory: A College Board Scho,High School,339,,,,0.92,0.85,0.92,Proficient,Proficient,Proficient,Well Developed,Proficient,Proficient,Well Developed,Proficient,Well Developed,Proficient,2017-12-01T00:00:00.000,3.22,3.03,0.602,0.398,0.024,0.195,0.0,Queens,2017-18,309302.0,20946.0,22434.0,22767.0,22911.0,22854.0,22933.0,23384.0,22039.0,21826.0,21740.0,23257.0,24541.0,18815.0,18855.0,148591.0,0.48,160701.0,0.52,87556.0,0.283,55101.0,0.178,116896.0,0.378,2898.0,0.009,5894.0,0.019,39747.0,0.129,1210.0,0.004,54174.0,0.175,44773.0,0.145,226458.0,0.732,0.658
25Q425,John Bowne High School,High School,3432,0.72,0.78,0.67,0.77,0.82,0.79,Proficient,Proficient,Proficient,Well Developed,Well Developed,Proficient,Proficient,Proficient,Well Developed,Proficient,2017-02-01T00:00:00.000,2.86,2.86,0.501,0.499,0.18,0.153,0.054,Queens,2016-17,310741.0,20983.0,22763.0,23431.0,23233.0,23310.0,23686.0,22476.0,22046.0,21637.0,21558.0,23193.0,25193.0,19006.0,18226.0,149073.0,0.48,161668.0,0.52,87534.0,0.282,56609.0,0.182,117008.0,0.377,2560.0,0.008,5401.0,0.017,40382.0,0.13,1247.0,0.004,53236.0,0.171,44828.0,0.144,207432.0,0.668,0.502
25Q460,Flushing High School,High School,1483,0.73,0.79,0.65,0.81,0.81,0.83,Developing,Developing,Developing,Proficient,Proficient,Proficient,Proficient,Proficient,Proficient,Proficient,2018-05-01T00:00:00.000,2.75,2.64,0.489,0.511,0.187,0.124,0.032,Queens,2017-18,309302.0,20946.0,22434.0,22767.0,22911.0,22854.0,22933.0,23384.0,22039.0,21826.0,21740.0,23257.0,24541.0,18815.0,18855.0,148591.0,0.48,160701.0,0.52,87556.0,0.283,55101.0,0.178,116896.0,0.378,2898.0,0.009,5894.0,0.019,39747.0,0.129,1210.0,0.004,54174.0,0.175,44773.0,0.145,226458.0,0.732,0.658
25Q525,Townsend Harris High School,High School,1219,0.87,0.76,0.83,0.75,0.87,0.83,Well Developed,Well Developed,Well Developed,Well Developed,Well Developed,No Data,No Data,No Data,No Data,No Data,2015-01-14T00:00:00.000,4.14,4.29,0.653,0.347,0.001,0.073,0.0,Queens,2014-15,,,,,,,,,,,,,,,,,,,,,,,,,,,,,,,,,,,,,,,,
25Q670,Robert F. Kennedy Community High School,High School,675,0.79,0.89,0.7,0.9,0.84,0.91,Developing,Developing,Proficient,Well Developed,Proficient,Proficient,Proficient,Proficient,Developing,Proficient,2019-10-01T00:00:00.000,2.82,2.85,0.444,0.556,0.08,0.172,0.027,Queens,2019-20,305623.0,23558.0,21717.0,21874.0,22006.0,21774.0,22039.0,22332.0,22283.0,22601.0,21918.0,22989.0,23928.0,18260.0,18344.0,146795.0,0.48,158828.0,0.52,86094.0,0.282,52190.0,0.171,117619.0,0.385,3444.0,0.011,6195.0,0.02,38270.0,0.125,1811.0,0.006,54520.0,0.178,42266.0,0.138,217708.0,0.712,0.672
26Q315,Business Technology Early College High School,High School,552,0.92,0.95,0.95,0.89,0.92,0.94,Proficient,Proficient,Developing,Well Developed,Proficient,Well Developed,Proficient,Proficient,Proficient,Proficient,2018-11-01T00:00:00.000,3.02,2.92,0.308,0.692,0.027,0.121,0.002,Queens,2018-19,307114.0,21609.0,21936.0,22376.0,22254.0,22381.0,22540.0,22846.0,22748.0,21884.0,21801.0,23084.0,24310.0,18298.0,19047.0,147355.0,0.48,159759.0,0.52,86907.0,0.283,53718.0,0.175,116969.0,0.381,3198.0,0.01,6034.0,0.02,39007.0,0.127,1281.0,0.004,54805.0,0.178,43773.0,0.143,218554.0,0.712,0.652
26Q415,Benjamin N. Cardozo High School,High School,3432,0.88,0.88,0.81,0.82,0.77,0.8,Proficient,Proficient,Proficient,Well Developed,Proficient,Well Developed,Well Developed,Well Developed,Proficient,Well Developed,2019-04-01T00:00:00.000,3.24,3.35,0.539,0.461,0.041,0.143,0.031,Queens,2018-19,307114.0,21609.0,21936.0,22376.0,22254.0,22381.0,22540.0,22846.0,22748.0,21884.0,21801.0,23084.0,24310.0,18298.0,19047.0,147355.0,0.48,159759.0,0.52,86907.0,0.283,53718.0,0.175,116969.0,0.381,3198.0,0.01,6034.0,0.02,39007.0,0.127,1281.0,0.004,54805.0,0.178,43773.0,0.143,218554.0,0.712,0.652
26Q430,Francis Lewis High School,High School,4468,0.84,0.84,0.82,0.82,0.74,0.88,Proficient,Proficient,Proficient,Well Developed,Proficient,Well Developed,Proficient,Proficient,Proficient,Proficient,2016-10-01T00:00:00.000,3.28,3.47,0.488,0.512,0.094,0.143,0.046,Queens,2016-17,310741.0,20983.0,22763.0,23431.0,23233.0,23310.0,23686.0,22476.0,22046.0,21637.0,21558.0,23193.0,25193.0,19006.0,18226.0,149073.0,0.48,161668.0,0.52,87534.0,0.282,56609.0,0.182,117008.0,0.377,2560.0,0.008,5401.0,0.017,40382.0,0.13,1247.0,0.004,53236.0,0.171,44828.0,0.144,207432.0,0.668,0.502
26Q435,Martin Van Buren High School,High School,1151,0.7,0.84,0.66,,,0.77,Proficient,Developing,Proficient,Well Developed,Well Developed,Well Developed,Proficient,Well Developed,Proficient,Well Developed,2018-05-01T00:00:00.000,2.73,2.55,0.446,0.554,0.139,0.141,0.035,Queens,2017-18,309302.0,20946.0,22434.0,22767.0,22911.0,22854.0,22933.0,23384.0,22039.0,21826.0,21740.0,23257.0,24541.0,18815.0,18855.0,148591.0,0.48,160701.0,0.52,87556.0,0.283,55101.0,0.178,116896.0,0.378,2898.0,0.009,5894.0,0.019,39747.0,0.129,1210.0,0.004,54174.0,0.175,44773.0,0.145,226458.0,0.732,0.658
26Q495,Bayside High School,High School,2865,0.76,0.87,0.67,0.85,0.82,0.87,Well Developed,Proficient,Well Developed,Well Developed,Proficient,Well Developed,Well Developed,Well Developed,Proficient,Proficient,2017-03-01T00:00:00.000,3.09,3.22,0.483,0.517,0.069,0.151,0.04,Queens,2016-17,310741.0,20983.0,22763.0,23431.0,23233.0,23310.0,23686.0,22476.0,22046.0,21637.0,21558.0,23193.0,25193.0,19006.0,18226.0,149073.0,0.48,161668.0,0.52,87534.0,0.282,56609.0,0.182,117008.0,0.377,2560.0,0.008,5401.0,0.017,40382.0,0.13,1247.0,0.004,53236.0,0.171,44828.0,0.144,207432.0,0.668,0.502
26Q566,"Queens High School of Teaching, Liberal Arts and t",High School,1012,0.47,0.41,0.27,0.36,0.81,0.65,Well Developed,Proficient,Well Developed,Well Developed,Well Developed,Well Developed,Well Developed,Well Developed,Proficient,Well Developed,2018-04-01T00:00:00.000,2.87,2.65,0.524,0.476,0.024,0.184,0.0,Queens,2017-18,309302.0,20946.0,22434.0,22767.0,22911.0,22854.0,22933.0,23384.0,22039.0,21826.0,21740.0,23257.0,24541.0,18815.0,18855.0,148591.0,0.48,160701.0,0.52,87556.0,0.283,55101.0,0.178,116896.0,0.378,2898.0,0.009,5894.0,0.019,39747.0,0.129,1210.0,0.004,54174.0,0.175,44773.0,0.145,226458.0,0.732,0.658
27Q260,Frederick Douglass Academy VI High School,High School,321,0.76,0.83,0.81,0.8,0.77,0.84,Proficient,Proficient,Proficient,Proficient,Proficient,Well Developed,Well Developed,Proficient,Well Developed,Proficient,2017-05-01T00:00:00.000,2.31,1.98,0.442,0.558,0.321,0.243,0.04,Queens,2016-17,310741.0,20983.0,22763.0,23431.0,23233.0,23310.0,23686.0,22476.0,22046.0,21637.0,21558.0,23193.0,25193.0,19006.0,18226.0,149073.0,0.48,161668.0,0.52,87534.0,0.282,56609.0,0.182,117008.0,0.377,2560.0,0.008,5401.0,0.017,40382.0,0.13,1247.0,0.004,53236.0,0.171,44828.0,0.144,207432.0,0.668,0.502
27Q262,Channel View School for Research,High School,619,0.78,0.92,0.76,0.88,0.86,0.87,Well Developed,Proficient,Well Developed,Well Developed,Well Developed,No Data,No Data,No Data,No Data,No Data,2015-05-15T00:00:00.000,2.98,2.73,0.496,0.504,0.01,0.142,0.015,Queens,2014-15,,,,,,,,,,,,,,,,,,,,,,,,,,,,,,,,,,,,,,,,
27Q302,"Queens High School for Information, Research, and",High School,481,,,,,,,Proficient,Proficient,Well Developed,Well Developed,Well Developed,Well Developed,Well Developed,Proficient,Well Developed,Proficient,2017-03-01T00:00:00.000,2.61,2.35,0.353,0.647,0.181,0.198,0.004,Queens,2016-17,310741.0,20983.0,22763.0,23431.0,23233.0,23310.0,23686.0,22476.0,22046.0,21637.0,21558.0,23193.0,25193.0,19006.0,18226.0,149073.0,0.48,161668.0,0.52,87534.0,0.282,56609.0,0.182,117008.0,0.377,2560.0,0.008,5401.0,0.017,40382.0,0.13,1247.0,0.004,53236.0,0.171,44828.0,0.144,207432.0,0.668,0.502
27Q308,Robert H. Goddard High School of Communication Art,High School,614,,,,,,,Well Developed,Well Developed,Proficient,Well Developed,Well Developed,Well Developed,Well Developed,Well Developed,Well Developed,Well Developed,2019-04-01T00:00:00.000,2.99,2.76,0.492,0.508,0.041,0.191,0.008,Queens,2018-19,307114.0,21609.0,21936.0,22376.0,22254.0,22381.0,22540.0,22846.0,22748.0,21884.0,21801.0,23084.0,24310.0,18298.0,19047.0,147355.0,0.48,159759.0,0.52,86907.0,0.283,53718.0,0.175,116969.0,0.381,3198.0,0.01,6034.0,0.02,39007.0,0.127,1281.0,0.004,54805.0,0.178,43773.0,0.143,218554.0,0.712,0.652
27Q309,Academy of Medical Technology: A College Board Sch,High School,423,,,,,,,Proficient,Developing,Proficient,Well Developed,Proficient,Proficient,Well Developed,Proficient,Proficient,Proficient,2017-12-01T00:00:00.000,2.7,2.35,0.473,0.527,0.189,0.142,0.002,Queens,2017-18,309302.0,20946.0,22434.0,22767.0,22911.0,22854.0,22933.0,23384.0,22039.0,21826.0,21740.0,23257.0,24541.0,18815.0,18855.0,148591.0,0.48,160701.0,0.52,87556.0,0.283,55101.0,0.178,116896.0,0.378,2898.0,0.009,5894.0,0.019,39747.0,0.129,1210.0,0.004,54174.0,0.175,44773.0,0.145,226458.0,0.732,0.658
27Q314,Epic High School - South,High School,412,0.72,0.78,0.7,0.82,0.92,0.89,Proficient,Developing,Proficient,Proficient,Proficient,Well Developed,Proficient,Proficient,Proficient,Proficient,2018-05-01T00:00:00.000,2.67,2.42,0.449,0.551,0.075,0.182,0.044,Queens,2017-18,309302.0,20946.0,22434.0,22767.0,22911.0,22854.0,22933.0,23384.0,22039.0,21826.0,21740.0,23257.0,24541.0,18815.0,18855.0,148591.0,0.48,160701.0,0.52,87556.0,0.283,55101.0,0.178,116896.0,0.378,2898.0,0.009,5894.0,0.019,39747.0,0.129,1210.0,0.004,54174.0,0.175,44773.0,0.145,226458.0,0.732,0.658
27Q323,Scholars' Academy,High School,684,0.91,0.96,0.88,0.97,0.94,0.96,Well Developed,Well Developed,Well Developed,Well Developed,Well Developed,No Data,No Data,No Data,No Data,No Data,2015-01-07T00:00:00.000,3.82,4.04,0.576,0.424,0.0,0.149,0.056,Queens,2014-15,,,,,,,,,,,,,,,,,,,,,,,,,,,,,,,,,,,,,,,,
27Q324,Rockaway Park High School for Environmental Sustai,High School,288,0.79,0.59,0.77,0.64,0.79,0.78,Proficient,Developing,Proficient,Proficient,Proficient,Well Developed,Proficient,Proficient,Well Developed,Proficient,2017-11-01T00:00:00.000,2.52,2.16,0.417,0.583,0.132,0.316,0.035,Queens,2017-18,309302.0,20946.0,22434.0,22767.0,22911.0,22854.0,22933.0,23384.0,22039.0,21826.0,21740.0,23257.0,24541.0,18815.0,18855.0,148591.0,0.48,160701.0,0.52,87556.0,0.283,55101.0,0.178,116896.0,0.378,2898.0,0.009,5894.0,0.019,39747.0,0.129,1210.0,0.004,54174.0,0.175,44773.0,0.145,226458.0,0.732,0.658
27Q334,Epic High School - North,High School,444,0.78,0.63,0.8,0.71,0.86,0.83,Proficient,Proficient,Proficient,Well Developed,Proficient,Well Developed,Well Developed,Proficient,Proficient,Proficient,2018-04-01T00:00:00.000,2.68,2.47,0.453,0.547,0.079,0.146,0.002,Queens,2017-18,309302.0,20946.0,22434.0,22767.0,22911.0,22854.0,22933.0,23384.0,22039.0,21826.0,21740.0,23257.0,24541.0,18815.0,18855.0,148591.0,0.48,160701.0,0.52,87556.0,0.283,55101.0,0.178,116896.0,0.378,2898.0,0.009,5894.0,0.019,39747.0,0.129,1210.0,0.004,54174.0,0.175,44773.0,0.145,226458.0,0.732,0.658
27Q351,Rockaway Collegiate High School,High School,327,,,,,,,Proficient,Developing,Proficient,Proficient,Proficient,Developing,Proficient,Proficient,Proficient,Proficient,2018-03-01T00:00:00.000,2.45,2.17,0.468,0.532,0.122,0.278,0.07,Queens,2017-18,309302.0,20946.0,22434.0,22767.0,22911.0,22854.0,22933.0,23384.0,22039.0,21826.0,21740.0,23257.0,24541.0,18815.0,18855.0,148591.0,0.48,160701.0,0.52,87556.0,0.283,55101.0,0.178,116896.0,0.378,2898.0,0.009,5894.0,0.019,39747.0,0.129,1210.0,0.004,54174.0,0.175,44773.0,0.145,226458.0,0.732,0.658
27Q400,August Martin High School,High School,374,0.83,0.98,0.79,0.99,0.9,0.96,Proficient,Proficient,Well Developed,Well Developed,Well Developed,Well Developed,Well Developed,Well Developed,Well Developed,Proficient,2018-04-01T00:00:00.000,2.44,2.24,0.414,0.586,0.048,0.23,0.0,Queens,2017-18,309302.0,20946.0,22434.0,22767.0,22911.0,22854.0,22933.0,23384.0,22039.0,21826.0,21740.0,23257.0,24541.0,18815.0,18855.0,148591.0,0.48,160701.0,0.52,87556.0,0.283,55101.0,0.178,116896.0,0.378,2898.0,0.009,5894.0,0.019,39747.0,0.129,1210.0,0.004,54174.0,0.175,44773.0,0.145,226458.0,0.732,0.658
27Q475,Richmond Hill High School,High School,1613,0.72,0.8,0.67,0.93,0.84,0.88,Well Developed,Proficient,Proficient,Well Developed,Well Developed,Well Developed,Well Developed,Proficient,Well Developed,Well Developed,2018-03-01T00:00:00.000,2.69,2.57,0.461,0.539,0.193,0.148,0.04,Queens,2017-18,309302.0,20946.0,22434.0,22767.0,22911.0,22854.0,22933.0,23384.0,22039.0,21826.0,21740.0,23257.0,24541.0,18815.0,18855.0,148591.0,0.48,160701.0,0.52,87556.0,0.283,55101.0,0.178,116896.0,0.378,2898.0,0.009,5894.0,0.019,39747.0,0.129,1210.0,0.004,54174.0,0.175,44773.0,0.145,226458.0,0.732,0.658
27Q480,John Adams High School,High School,2492,0.75,0.8,0.69,0.81,0.88,0.87,Well Developed,Proficient,Proficient,Proficient,Well Developed,Well Developed,Proficient,Proficient,Well Developed,Well Developed,2017-05-01T00:00:00.000,2.72,2.5,0.466,0.534,0.122,0.134,0.04,Queens,2016-17,310741.0,20983.0,22763.0,23431.0,23233.0,23310.0,23686.0,22476.0,22046.0,21637.0,21558.0,23193.0,25193.0,19006.0,18226.0,149073.0,0.48,161668.0,0.52,87534.0,0.282,56609.0,0.182,117008.0,0.377,2560.0,0.008,5401.0,0.017,40382.0,0.13,1247.0,0.004,53236.0,0.171,44828.0,0.144,207432.0,0.668,0.502
27Q650,"High School for Construction Trades, Engineering a",High School,1093,0.77,0.87,0.74,0.84,0.87,0.86,Well Developed,Well Developed,Proficient,Well Developed,Well Developed,No Data,No Data,No Data,No Data,No Data,2015-03-13T00:00:00.000,3.26,3.31,0.355,0.645,0.016,0.167,0.0,Queens,2014-15,,,,,,,,,,,,,,,,,,,,,,,,,,,,,,,,,,,,,,,,
28Q157,J.H.S. 157 Stephen A. Halsey,High School,36,0.9,0.85,0.87,0.89,0.91,0.93,Well Developed,Well Developed,Well Developed,Well Developed,Well Developed,Well Developed,Well Developed,Well Developed,Well Developed,Well Developed,2020-03-01T00:00:00.000,3.01,2.85,0.528,0.472,0.028,0.306,0.139,Queens,2019-20,305623.0,23558.0,21717.0,21874.0,22006.0,21774.0,22039.0,22332.0,22283.0,22601.0,21918.0,22989.0,23928.0,18260.0,18344.0,146795.0,0.48,158828.0,0.52,86094.0,0.282,52190.0,0.171,117619.0,0.385,3444.0,0.011,6195.0,0.02,38270.0,0.125,1811.0,0.006,54520.0,0.178,42266.0,0.138,217708.0,0.712,0.672
28Q167,Metropolitan Expeditionary Learning School,High School,446,0.8,0.93,0.73,0.95,0.9,0.93,Well Developed,Well Developed,Proficient,Well Developed,Well Developed,Well Developed,Well Developed,Well Developed,Well Developed,Well Developed,2019-11-01T00:00:00.000,2.9,2.76,0.48,0.52,0.018,0.206,0.013,Queens,2019-20,305623.0,23558.0,21717.0,21874.0,22006.0,21774.0,22039.0,22332.0,22283.0,22601.0,21918.0,22989.0,23928.0,18260.0,18344.0,146795.0,0.48,158828.0,0.52,86094.0,0.282,52190.0,0.171,117619.0,0.385,3444.0,0.011,6195.0,0.02,38270.0,0.125,1811.0,0.006,54520.0,0.178,42266.0,0.138,217708.0,0.712,0.672
28Q284,York Early College Academy,High School,364,0.86,0.87,0.76,0.89,0.91,0.9,Well Developed,Proficient,Well Developed,Well Developed,Well Developed,Well Developed,Well Developed,Well Developed,Well Developed,Well Developed,2020-01-01T00:00:00.000,3.45,3.69,0.563,0.437,0.005,0.093,0.005,Queens,2019-20,305623.0,23558.0,21717.0,21874.0,22006.0,21774.0,22039.0,22332.0,22283.0,22601.0,21918.0,22989.0,23928.0,18260.0,18344.0,146795.0,0.48,158828.0,0.52,86094.0,0.282,52190.0,0.171,117619.0,0.385,3444.0,0.011,6195.0,0.02,38270.0,0.125,1811.0,0.006,54520.0,0.178,42266.0,0.138,217708.0,0.712,0.672
28Q310,Queens Collegiate: A College Board School,High School,401,0.74,0.71,0.71,0.8,0.89,0.84,Proficient,Proficient,Proficient,Proficient,Proficient,Proficient,Proficient,Proficient,Proficient,Proficient,2018-04-01T00:00:00.000,2.81,2.7,0.506,0.494,0.112,0.122,0.007,Queens,2017-18,309302.0,20946.0,22434.0,22767.0,22911.0,22854.0,22933.0,23384.0,22039.0,21826.0,21740.0,23257.0,24541.0,18815.0,18855.0,148591.0,0.48,160701.0,0.52,87556.0,0.283,55101.0,0.178,116896.0,0.378,2898.0,0.009,5894.0,0.019,39747.0,0.129,1210.0,0.004,54174.0,0.175,44773.0,0.145,226458.0,0.732,0.658
28Q325,Hillside Arts & Letters Academy,High School,452,0.87,0.88,0.74,0.87,0.82,0.92,Well Developed,Well Developed,Proficient,Well Developed,Well Developed,Well Developed,Well Developed,Well Developed,Well Developed,Well Developed,2017-03-01T00:00:00.000,2.67,2.41,0.551,0.449,0.119,0.188,0.002,Queens,2016-17,310741.0,20983.0,22763.0,23431.0,23233.0,23310.0,23686.0,22476.0,22046.0,21637.0,21558.0,23193.0,25193.0,19006.0,18226.0,149073.0,0.48,161668.0,0.52,87534.0,0.282,56609.0,0.182,117008.0,0.377,2560.0,0.008,5401.0,0.017,40382.0,0.13,1247.0,0.004,53236.0,0.171,44828.0,0.144,207432.0,0.668,0.502
28Q328,High School for Community Leadership,High School,456,,,,0.97,0.92,1.0,Proficient,Proficient,Proficient,Well Developed,Well Developed,Well Developed,Well Developed,Proficient,Well Developed,Proficient,2020-01-01T00:00:00.000,2.87,2.65,0.454,0.546,0.127,0.164,0.0,Queens,2019-20,305623.0,23558.0,21717.0,21874.0,22006.0,21774.0,22039.0,22332.0,22283.0,22601.0,21918.0,22989.0,23928.0,18260.0,18344.0,146795.0,0.48,158828.0,0.52,86094.0,0.282,52190.0,0.171,117619.0,0.385,3444.0,0.011,6195.0,0.02,38270.0,0.125,1811.0,0.006,54520.0,0.178,42266.0,0.138,217708.0,0.712,0.672
28Q350,Jamaica Gateway to the Sciences,High School,483,,,,,,,Proficient,Proficient,Proficient,Well Developed,Well Developed,Well Developed,Well Developed,Proficient,Well Developed,Proficient,2020-03-01T00:00:00.000,2.89,2.98,0.484,0.516,0.091,0.141,0.002,Queens,2019-20,305623.0,23558.0,21717.0,21874.0,22006.0,21774.0,22039.0,22332.0,22283.0,22601.0,21918.0,22989.0,23928.0,18260.0,18344.0,146795.0,0.48,158828.0,0.52,86094.0,0.282,52190.0,0.171,117619.0,0.385,3444.0,0.011,6195.0,0.02,38270.0,0.125,1811.0,0.006,54520.0,0.178,42266.0,0.138,217708.0,0.712,0.672
28Q440,Forest Hills High School,High School,3705,0.72,0.78,0.69,0.82,0.81,0.86,Proficient,Proficient,Proficient,Well Developed,Well Developed,Well Developed,Proficient,Proficient,Proficient,Well Developed,2017-05-01T00:00:00.000,3.17,3.23,0.508,0.492,0.082,0.167,0.034,Queens,2016-17,310741.0,20983.0,22763.0,23431.0,23233.0,23310.0,23686.0,22476.0,22046.0,21637.0,21558.0,23193.0,25193.0,19006.0,18226.0,149073.0,0.48,161668.0,0.52,87534.0,0.282,56609.0,0.182,117008.0,0.377,2560.0,0.008,5401.0,0.017,40382.0,0.13,1247.0,0.004,53236.0,0.171,44828.0,0.144,207432.0,0.668,0.502
28Q505,Hillcrest High School,High School,3091,0.75,0.79,0.78,0.8,0.82,0.85,Developing,Proficient,Developing,Proficient,Proficient,Well Developed,Well Developed,Proficient,Well Developed,Proficient,2020-02-01T00:00:00.000,2.86,2.77,0.499,0.501,0.171,0.106,0.039,Queens,2019-20,305623.0,23558.0,21717.0,21874.0,22006.0,21774.0,22039.0,22332.0,22283.0,22601.0,21918.0,22989.0,23928.0,18260.0,18344.0,146795.0,0.48,158828.0,0.52,86094.0,0.282,52190.0,0.171,117619.0,0.385,3444.0,0.011,6195.0,0.02,38270.0,0.125,1811.0,0.006,54520.0,0.178,42266.0,0.138,217708.0,0.712,0.672
28Q620,Thomas A. Edison Career and Technical Education Hi,High School,2224,0.75,0.8,0.74,0.81,0.81,0.85,Proficient,Proficient,Proficient,Well Developed,Proficient,Well Developed,Well Developed,Well Developed,Proficient,Well Developed,2017-05-01T00:00:00.000,3.39,3.51,0.368,0.632,0.023,0.138,0.048,Queens,2016-17,310741.0,20983.0,22763.0,23431.0,23233.0,23310.0,23686.0,22476.0,22046.0,21637.0,21558.0,23193.0,25193.0,19006.0,18226.0,149073.0,0.48,161668.0,0.52,87534.0,0.282,56609.0,0.182,117008.0,0.377,2560.0,0.008,5401.0,0.017,40382.0,0.13,1247.0,0.004,53236.0,0.171,44828.0,0.144,207432.0,0.668,0.502
28Q680,Queens Gateway to Health Sciences Secondary School,High School,421,0.74,0.62,0.65,0.62,0.77,0.7,Well Developed,Proficient,Proficient,Well Developed,Proficient,Proficient,Well Developed,Proficient,Proficient,Proficient,2017-12-01T00:00:00.000,3.49,3.54,0.584,0.416,0.007,0.128,0.0,Queens,2017-18,309302.0,20946.0,22434.0,22767.0,22911.0,22854.0,22933.0,23384.0,22039.0,21826.0,21740.0,23257.0,24541.0,18815.0,18855.0,148591.0,0.48,160701.0,0.52,87556.0,0.283,55101.0,0.178,116896.0,0.378,2898.0,0.009,5894.0,0.019,39747.0,0.129,1210.0,0.004,54174.0,0.175,44773.0,0.145,226458.0,0.732,0.658
28Q686,Queens Metropolitan High School,High School,1144,0.77,0.87,0.75,0.82,0.72,0.83,Proficient,Proficient,Proficient,Well Developed,Proficient,Well Developed,Proficient,Proficient,Proficient,Proficient,2018-05-01T00:00:00.000,3.07,2.9,0.497,0.503,0.038,0.182,0.052,Queens,2017-18,309302.0,20946.0,22434.0,22767.0,22911.0,22854.0,22933.0,23384.0,22039.0,21826.0,21740.0,23257.0,24541.0,18815.0,18855.0,148591.0,0.48,160701.0,0.52,87556.0,0.283,55101.0,0.178,116896.0,0.378,2898.0,0.009,5894.0,0.019,39747.0,0.129,1210.0,0.004,54174.0,0.175,44773.0,0.145,226458.0,0.732,0.658
28Q687,Queens High School for the Sciences at York Colleg,High School,480,0.82,0.66,0.77,0.55,0.81,0.73,Proficient,Proficient,Proficient,Well Developed,Proficient,Well Developed,Well Developed,Proficient,Proficient,Proficient,2018-02-01T00:00:00.000,4.04,4.3,0.442,0.558,0.0,0.002,0.0,Queens,2017-18,309302.0,20946.0,22434.0,22767.0,22911.0,22854.0,22933.0,23384.0,22039.0,21826.0,21740.0,23257.0,24541.0,18815.0,18855.0,148591.0,0.48,160701.0,0.52,87556.0,0.283,55101.0,0.178,116896.0,0.378,2898.0,0.009,5894.0,0.019,39747.0,0.129,1210.0,0.004,54174.0,0.175,44773.0,0.145,226458.0,0.732,0.658
28Q690,High School for Law Enforcement and Public Safety,High School,395,0.73,0.78,0.69,0.83,0.82,0.83,Proficient,Proficient,Proficient,Proficient,Proficient,Well Developed,Proficient,Proficient,Proficient,Proficient,2017-03-01T00:00:00.000,2.59,2.4,0.511,0.489,0.061,0.218,0.094,Queens,2016-17,310741.0,20983.0,22763.0,23431.0,23233.0,23310.0,23686.0,22476.0,22046.0,21637.0,21558.0,23193.0,25193.0,19006.0,18226.0,149073.0,0.48,161668.0,0.52,87534.0,0.282,56609.0,0.182,117008.0,0.377,2560.0,0.008,5401.0,0.017,40382.0,0.13,1247.0,0.004,53236.0,0.171,44828.0,0.144,207432.0,0.668,0.502
28Q896,"Young Women's Leadership School, Queens",High School,307,0.8,0.82,0.68,0.78,0.85,0.85,Well Developed,Proficient,Proficient,Well Developed,Well Developed,Well Developed,Well Developed,Well Developed,Well Developed,Well Developed,2018-10-01T00:00:00.000,3.36,3.26,1.0,0.0,0.023,0.153,0.003,Queens,2018-19,307114.0,21609.0,21936.0,22376.0,22254.0,22381.0,22540.0,22846.0,22748.0,21884.0,21801.0,23084.0,24310.0,18298.0,19047.0,147355.0,0.48,159759.0,0.52,86907.0,0.283,53718.0,0.175,116969.0,0.381,3198.0,0.01,6034.0,0.02,39007.0,0.127,1281.0,0.004,54805.0,0.178,43773.0,0.143,218554.0,0.712,0.652
29Q243,Institute for Health Professions at Cambria Height,High School,449,0.83,0.96,0.78,0.97,0.86,0.95,Proficient,Proficient,Proficient,Proficient,Proficient,Proficient,Proficient,Proficient,Proficient,Proficient,2017-01-01T00:00:00.000,2.86,2.58,0.659,0.341,0.1,0.107,0.011,Queens,2016-17,310741.0,20983.0,22763.0,23431.0,23233.0,23310.0,23686.0,22476.0,22046.0,21637.0,21558.0,23193.0,25193.0,19006.0,18226.0,149073.0,0.48,161668.0,0.52,87534.0,0.282,56609.0,0.182,117008.0,0.377,2560.0,0.008,5401.0,0.017,40382.0,0.13,1247.0,0.004,53236.0,0.171,44828.0,0.144,207432.0,0.668,0.502
29Q248,Queens Preparatory Academy,High School,277,0.68,0.68,0.71,0.7,0.86,0.86,Proficient,Proficient,Proficient,Well Developed,Proficient,Proficient,Proficient,Proficient,Proficient,Proficient,2017-03-01T00:00:00.000,2.49,2.2,0.422,0.578,0.105,0.162,0.007,Queens,2016-17,310741.0,20983.0,22763.0,23431.0,23233.0,23310.0,23686.0,22476.0,22046.0,21637.0,21558.0,23193.0,25193.0,19006.0,18226.0,149073.0,0.48,161668.0,0.52,87534.0,0.282,56609.0,0.182,117008.0,0.377,2560.0,0.008,5401.0,0.017,40382.0,0.13,1247.0,0.004,53236.0,0.171,44828.0,0.144,207432.0,0.668,0.502
29Q259,Pathways College Preparatory School: A College Boa,High School,339,0.7,0.77,0.66,0.8,0.9,0.9,Proficient,Proficient,Well Developed,Well Developed,Well Developed,Well Developed,Well Developed,Well Developed,Well Developed,Well Developed,2019-03-01T00:00:00.000,2.84,2.47,0.469,0.531,0.027,0.156,0.027,Queens,2018-19,307114.0,21609.0,21936.0,22376.0,22254.0,22381.0,22540.0,22846.0,22748.0,21884.0,21801.0,23084.0,24310.0,18298.0,19047.0,147355.0,0.48,159759.0,0.52,86907.0,0.283,53718.0,0.175,116969.0,0.381,3198.0,0.01,6034.0,0.02,39007.0,0.127,1281.0,0.004,54805.0,0.178,43773.0,0.143,218554.0,0.712,0.652
29Q265,Excelsior Preparatory High School,High School,422,0.87,0.97,0.87,0.93,0.91,0.94,Proficient,Proficient,Proficient,Well Developed,Well Developed,Proficient,Well Developed,Proficient,Well Developed,Proficient,2019-04-01T00:00:00.000,2.68,2.31,0.422,0.578,0.057,0.178,0.04,Queens,2018-19,307114.0,21609.0,21936.0,22376.0,22254.0,22381.0,22540.0,22846.0,22748.0,21884.0,21801.0,23084.0,24310.0,18298.0,19047.0,147355.0,0.48,159759.0,0.52,86907.0,0.283,53718.0,0.175,116969.0,0.381,3198.0,0.01,6034.0,0.02,39007.0,0.127,1281.0,0.004,54805.0,0.178,43773.0,0.143,218554.0,0.712,0.652
29Q272,George Washington Carver High School for the Scien,High School,390,0.97,0.96,0.93,0.95,0.81,0.96,Proficient,Developing,Developing,Well Developed,Proficient,Well Developed,Proficient,Proficient,Proficient,Proficient,2018-05-01T00:00:00.000,2.73,2.45,0.513,0.487,0.023,0.172,0.028,Queens,2017-18,309302.0,20946.0,22434.0,22767.0,22911.0,22854.0,22933.0,23384.0,22039.0,21826.0,21740.0,23257.0,24541.0,18815.0,18855.0,148591.0,0.48,160701.0,0.52,87556.0,0.283,55101.0,0.178,116896.0,0.378,2898.0,0.009,5894.0,0.019,39747.0,0.129,1210.0,0.004,54174.0,0.175,44773.0,0.145,226458.0,0.732,0.658
29Q283,Preparatory Academy for Writers: A College Board S,High School,347,,,,0.86,0.81,0.87,Proficient,Proficient,Proficient,Well Developed,Proficient,Well Developed,Proficient,Proficient,Proficient,Proficient,2018-11-01T00:00:00.000,2.9,2.7,0.524,0.476,0.035,0.144,0.026,Queens,2018-19,307114.0,21609.0,21936.0,22376.0,22254.0,22381.0,22540.0,22846.0,22748.0,21884.0,21801.0,23084.0,24310.0,18298.0,19047.0,147355.0,0.48,159759.0,0.52,86907.0,0.283,53718.0,0.175,116969.0,0.381,3198.0,0.01,6034.0,0.02,39007.0,0.127,1281.0,0.004,54805.0,0.178,43773.0,0.143,218554.0,0.712,0.652
29Q313,Benjamin Franklin High School for Finance & Inform,High School,413,0.75,0.68,0.65,0.66,0.9,0.74,Developing,Developing,Developing,Proficient,Proficient,Proficient,Proficient,Proficient,Proficient,Developing,2016-11-01T00:00:00.000,2.65,2.41,0.3,0.7,0.111,0.177,0.039,Queens,2016-17,310741.0,20983.0,22763.0,23431.0,23233.0,23310.0,23686.0,22476.0,22046.0,21637.0,21558.0,23193.0,25193.0,19006.0,18226.0,149073.0,0.48,161668.0,0.52,87534.0,0.282,56609.0,0.182,117008.0,0.377,2560.0,0.008,5401.0,0.017,40382.0,0.13,1247.0,0.004,53236.0,0.171,44828.0,0.144,207432.0,0.668,0.502
29Q326,Cambria Heights Academy,High School,370,0.77,0.92,0.71,0.94,0.88,0.93,Proficient,Proficient,Proficient,Well Developed,Well Developed,Well Developed,Proficient,Proficient,Proficient,Proficient,2018-04-01T00:00:00.000,2.64,2.39,0.424,0.576,0.081,0.189,0.008,Queens,2017-18,309302.0,20946.0,22434.0,22767.0,22911.0,22854.0,22933.0,23384.0,22039.0,21826.0,21740.0,23257.0,24541.0,18815.0,18855.0,148591.0,0.48,160701.0,0.52,87556.0,0.283,55101.0,0.178,116896.0,0.378,2898.0,0.009,5894.0,0.019,39747.0,0.129,1210.0,0.004,54174.0,0.175,44773.0,0.145,226458.0,0.732,0.658
29Q327,Eagle Academy for Young Men III,High School,224,0.72,0.76,0.65,0.85,0.94,0.84,Proficient,Proficient,Proficient,Proficient,Developing,Proficient,Proficient,Proficient,Proficient,Proficient,2018-05-01T00:00:00.000,2.59,2.44,0.0,1.0,0.0,0.214,0.022,Queens,2017-18,309302.0,20946.0,22434.0,22767.0,22911.0,22854.0,22933.0,23384.0,22039.0,21826.0,21740.0,23257.0,24541.0,18815.0,18855.0,148591.0,0.48,160701.0,0.52,87556.0,0.283,55101.0,0.178,116896.0,0.378,2898.0,0.009,5894.0,0.019,39747.0,0.129,1210.0,0.004,54174.0,0.175,44773.0,0.145,226458.0,0.732,0.658
29Q492,"Mathematics, Science Research and Technology Magne",High School,401,0.8,0.85,0.76,0.88,0.88,0.89,Well Developed,Proficient,Proficient,Well Developed,Proficient,Well Developed,Proficient,Proficient,Proficient,Proficient,2017-05-01T00:00:00.000,2.6,2.44,0.349,0.651,0.17,0.105,0.0,Queens,2016-17,310741.0,20983.0,22763.0,23431.0,23233.0,23310.0,23686.0,22476.0,22046.0,21637.0,21558.0,23193.0,25193.0,19006.0,18226.0,149073.0,0.48,161668.0,0.52,87534.0,0.282,56609.0,0.182,117008.0,0.377,2560.0,0.008,5401.0,0.017,40382.0,0.13,1247.0,0.004,53236.0,0.171,44828.0,0.144,207432.0,0.668,0.502
29Q498,Humanities & Arts Magnet High School,High School,372,0.46,0.75,0.75,0.83,0.97,0.88,Proficient,Proficient,Proficient,Proficient,Proficient,Proficient,Well Developed,Proficient,Proficient,Proficient,2018-02-01T00:00:00.000,2.65,2.27,0.543,0.457,0.097,0.164,0.005,Queens,2017-18,309302.0,20946.0,22434.0,22767.0,22911.0,22854.0,22933.0,23384.0,22039.0,21826.0,21740.0,23257.0,24541.0,18815.0,18855.0,148591.0,0.48,160701.0,0.52,87556.0,0.283,55101.0,0.178,116896.0,0.378,2898.0,0.009,5894.0,0.019,39747.0,0.129,1210.0,0.004,54174.0,0.175,44773.0,0.145,226458.0,0.732,0.658
30Q258,Energy Tech High School,High School,512,0.79,0.89,0.71,0.91,0.87,0.91,Proficient,Proficient,Proficient,Well Developed,Well Developed,Well Developed,Well Developed,Proficient,Well Developed,Well Developed,2019-01-01T00:00:00.000,2.99,3.02,0.229,0.771,0.045,0.162,0.0,Queens,2018-19,307114.0,21609.0,21936.0,22376.0,22254.0,22381.0,22540.0,22846.0,22748.0,21884.0,21801.0,23084.0,24310.0,18298.0,19047.0,147355.0,0.48,159759.0,0.52,86907.0,0.283,53718.0,0.175,116969.0,0.381,3198.0,0.01,6034.0,0.02,39007.0,0.127,1281.0,0.004,54805.0,0.178,43773.0,0.143,218554.0,0.712,0.652
30Q286,"Young Women's Leadership School, Astoria",High School,316,0.88,0.8,0.76,0.65,0.91,0.7,Well Developed,Proficient,Well Developed,Well Developed,Well Developed,Proficient,Well Developed,Proficient,Well Developed,Proficient,2017-01-01T00:00:00.000,3.33,3.32,1.0,0.0,0.025,0.168,0.003,Queens,2016-17,310741.0,20983.0,22763.0,23431.0,23233.0,23310.0,23686.0,22476.0,22046.0,21637.0,21558.0,23193.0,25193.0,19006.0,18226.0,149073.0,0.48,161668.0,0.52,87534.0,0.282,56609.0,0.182,117008.0,0.377,2560.0,0.008,5401.0,0.017,40382.0,0.13,1247.0,0.004,53236.0,0.171,44828.0,0.144,207432.0,0.668,0.502
30Q301,Academy for Careers in Television and Film,High School,548,0.82,0.88,0.84,0.94,0.91,0.97,Well Developed,Well Developed,Well Developed,Well Developed,Well Developed,No Data,No Data,No Data,No Data,No Data,2015-11-17T00:00:00.000,3.08,2.91,0.484,0.516,0.035,0.206,0.0,Queens,2015-16,,,,,,,,,,,,,,,,,,,,,,,,,,,,,,,,,,,,,,,,
30Q445,William Cullen Bryant High School,High School,2287,0.71,0.66,0.65,0.67,0.82,0.75,Proficient,Developing,Developing,Proficient,Proficient,Proficient,Proficient,Proficient,Proficient,Proficient,2017-03-01T00:00:00.000,2.86,2.73,0.447,0.553,0.157,0.144,0.019,Queens,2016-17,310741.0,20983.0,22763.0,23431.0,23233.0,23310.0,23686.0,22476.0,22046.0,21637.0,21558.0,23193.0,25193.0,19006.0,18226.0,149073.0,0.48,161668.0,0.52,87534.0,0.282,56609.0,0.182,117008.0,0.377,2560.0,0.008,5401.0,0.017,40382.0,0.13,1247.0,0.004,53236.0,0.171,44828.0,0.144,207432.0,0.668,0.502
30Q450,Long Island City High School,High School,2204,0.68,0.79,0.66,0.84,0.87,0.86,Well Developed,Proficient,Proficient,Well Developed,Well Developed,Well Developed,Well Developed,Proficient,Well Developed,Well Developed,2018-03-01T00:00:00.000,2.81,2.65,0.499,0.501,0.1,0.171,0.006,Queens,2017-18,309302.0,20946.0,22434.0,22767.0,22911.0,22854.0,22933.0,23384.0,22039.0,21826.0,21740.0,23257.0,24541.0,18815.0,18855.0,148591.0,0.48,160701.0,0.52,87556.0,0.283,55101.0,0.178,116896.0,0.378,2898.0,0.009,5894.0,0.019,39747.0,0.129,1210.0,0.004,54174.0,0.175,44773.0,0.145,226458.0,0.732,0.658
30Q501,Frank Sinatra School of the Arts High School,High School,851,0.91,0.84,0.77,0.87,0.92,0.96,Well Developed,Proficient,Proficient,Well Developed,Well Developed,Well Developed,Well Developed,Well Developed,Well Developed,Proficient,2019-04-01T00:00:00.000,3.57,3.57,0.677,0.323,0.005,0.186,0.0,Queens,2018-19,307114.0,21609.0,21936.0,22376.0,22254.0,22381.0,22540.0,22846.0,22748.0,21884.0,21801.0,23084.0,24310.0,18298.0,19047.0,147355.0,0.48,159759.0,0.52,86907.0,0.283,53718.0,0.175,116969.0,0.381,3198.0,0.01,6034.0,0.02,39007.0,0.127,1281.0,0.004,54805.0,0.178,43773.0,0.143,218554.0,0.712,0.652
30Q502,Information Technology High School,High School,976,0.74,0.77,0.7,0.78,0.89,0.84,Proficient,Developing,Developing,Proficient,Proficient,Proficient,Proficient,Proficient,Proficient,Proficient,2016-11-01T00:00:00.000,2.76,2.69,0.268,0.732,0.058,0.18,0.045,Queens,2016-17,310741.0,20983.0,22763.0,23431.0,23233.0,23310.0,23686.0,22476.0,22046.0,21637.0,21558.0,23193.0,25193.0,19006.0,18226.0,149073.0,0.48,161668.0,0.52,87534.0,0.282,56609.0,0.182,117008.0,0.377,2560.0,0.008,5401.0,0.017,40382.0,0.13,1247.0,0.004,53236.0,0.171,44828.0,0.144,207432.0,0.668,0.502
30Q555,Newcomers High School,High School,792,0.77,0.88,0.92,0.9,0.88,0.94,Well Developed,Well Developed,Well Developed,Well Developed,Well Developed,No Data,No Data,No Data,No Data,No Data,2015-05-29T00:00:00.000,1.79,2.21,0.457,0.543,0.697,0.013,0.0,Queens,2014-15,,,,,,,,,,,,,,,,,,,,,,,,,,,,,,,,,,,,,,,,
30Q575,Academy of American Studies,High School,1025,0.79,0.68,0.77,0.68,0.79,0.8,Proficient,Proficient,Well Developed,Well Developed,Proficient,Proficient,Proficient,Proficient,Well Developed,Proficient,2018-03-01T00:00:00.000,3.5,3.56,0.596,0.404,0.016,0.076,0.0,Queens,2017-18,309302.0,20946.0,22434.0,22767.0,22911.0,22854.0,22933.0,23384.0,22039.0,21826.0,21740.0,23257.0,24541.0,18815.0,18855.0,148591.0,0.48,160701.0,0.52,87556.0,0.283,55101.0,0.178,116896.0,0.378,2898.0,0.009,5894.0,0.019,39747.0,0.129,1210.0,0.004,54174.0,0.175,44773.0,0.145,226458.0,0.732,0.658
30Q580,Baccalaureate School for Global Education,High School,436,0.88,0.82,0.81,0.78,0.85,0.88,Proficient,Proficient,Proficient,Developing,Proficient,Proficient,Proficient,Developing,Developing,Developing,2018-03-01T00:00:00.000,3.85,4.02,0.603,0.397,0.021,0.115,0.034,Queens,2017-18,309302.0,20946.0,22434.0,22767.0,22911.0,22854.0,22933.0,23384.0,22039.0,21826.0,21740.0,23257.0,24541.0,18815.0,18855.0,148591.0,0.48,160701.0,0.52,87556.0,0.283,55101.0,0.178,116896.0,0.378,2898.0,0.009,5894.0,0.019,39747.0,0.129,1210.0,0.004,54174.0,0.175,44773.0,0.145,226458.0,0.732,0.658
31R028,The Eagle Academy for Young Men of Staten Island,High School,73,0.78,0.91,0.73,,,0.84,Proficient,Developing,Proficient,Proficient,Proficient,Well Developed,Proficient,Proficient,Well Developed,Proficient,2017-02-01T00:00:00.000,2.32,2.09,0.0,1.0,0.082,0.452,0.11,Staten Island,2016-17,65924.0,4141.0,4620.0,4798.0,4786.0,4877.0,4887.0,4772.0,4552.0,4590.0,4741.0,5389.0,5029.0,4425.0,4317.0,31689.0,0.481,34235.0,0.519,5832.0,0.088,9044.0,0.137,18830.0,0.286,882.0,0.013,294.0,0.004,30822.0,0.468,220.0,0.003,17069.0,0.259,3816.0,0.058,36800.0,0.558,0.436
31R047,CSI High School for International Studies,High School,487,0.87,0.85,0.78,0.89,0.91,0.89,Well Developed,Well Developed,Well Developed,Well Developed,Well Developed,No Data,No Data,No Data,No Data,No Data,2015-04-21T00:00:00.000,3.47,3.42,0.585,0.415,0.002,0.154,0.008,Staten Island,2014-15,,,,,,,,,,,,,,,,,,,,,,,,,,,,,,,,,,,,,,,,
31R064,Gaynor McCown Expeditionary Learning School,High School,420,0.69,0.86,0.7,0.94,0.88,0.91,Well Developed,Proficient,Proficient,Well Developed,Well Developed,Well Developed,Well Developed,Well Developed,Well Developed,Well Developed,2018-05-01T00:00:00.000,3.03,2.81,0.564,0.436,0.014,0.298,0.069,Staten Island,2017-18,65703.0,3992.0,4527.0,4747.0,4793.0,4783.0,4875.0,4884.0,4714.0,4558.0,4579.0,5166.0,5180.0,4439.0,4466.0,31738.0,0.483,33959.0,0.517,6348.0,0.097,8893.0,0.135,18976.0,0.289,941.0,0.014,310.0,0.005,30026.0,0.457,209.0,0.003,17438.0,0.265,4093.0,0.062,38787.0,0.59,0.533
31R080,The Michael J. Petrides School,High School,470,0.78,0.87,0.68,0.91,0.95,0.9,Well Developed,Well Developed,Well Developed,Well Developed,Well Developed,No Data,No Data,No Data,No Data,No Data,2016-05-24T00:00:00.000,3.09,2.96,0.464,0.536,0.004,0.285,0.028,Staten Island,2015-16,,,,,,,,,,,,,,,,,,,,,,,,,,,,,,,,,,,,,,,,
31R440,New Dorp High School,High School,3106,0.78,0.84,0.75,0.9,0.86,0.92,Well Developed,Proficient,Well Developed,Well Developed,Well Developed,Well Developed,Well Developed,Well Developed,Proficient,Well Developed,2018-05-01T00:00:00.000,3.0,2.83,0.485,0.515,0.048,0.23,0.059,Staten Island,2017-18,65703.0,3992.0,4527.0,4747.0,4793.0,4783.0,4875.0,4884.0,4714.0,4558.0,4579.0,5166.0,5180.0,4439.0,4466.0,31738.0,0.483,33959.0,0.517,6348.0,0.097,8893.0,0.135,18976.0,0.289,941.0,0.014,310.0,0.005,30026.0,0.457,209.0,0.003,17438.0,0.265,4093.0,0.062,38787.0,0.59,0.533
31R445,Port Richmond High School,High School,1564,0.82,0.92,0.77,0.94,0.88,0.94,Proficient,Developing,Developing,Proficient,Developing,Proficient,Developing,Proficient,Proficient,Developing,2018-04-01T00:00:00.000,2.74,2.5,0.484,0.516,0.099,0.295,0.088,Staten Island,2017-18,65703.0,3992.0,4527.0,4747.0,4793.0,4783.0,4875.0,4884.0,4714.0,4558.0,4579.0,5166.0,5180.0,4439.0,4466.0,31738.0,0.483,33959.0,0.517,6348.0,0.097,8893.0,0.135,18976.0,0.289,941.0,0.014,310.0,0.005,30026.0,0.457,209.0,0.003,17438.0,0.265,4093.0,0.062,38787.0,0.59,0.533
31R450,Curtis High School,High School,2475,0.76,0.81,0.68,0.82,0.83,0.89,Proficient,Developing,Proficient,Well Developed,Proficient,Proficient,Well Developed,Proficient,Proficient,Proficient,2018-03-01T00:00:00.000,2.88,2.66,0.571,0.429,0.085,0.183,0.014,Staten Island,2017-18,65703.0,3992.0,4527.0,4747.0,4793.0,4783.0,4875.0,4884.0,4714.0,4558.0,4579.0,5166.0,5180.0,4439.0,4466.0,31738.0,0.483,33959.0,0.517,6348.0,0.097,8893.0,0.135,18976.0,0.289,941.0,0.014,310.0,0.005,30026.0,0.457,209.0,0.003,17438.0,0.265,4093.0,0.062,38787.0,0.59,0.533
31R455,Tottenville High School,High School,3694,0.72,0.76,0.68,0.79,0.84,0.81,Proficient,Proficient,Proficient,Well Developed,Proficient,Proficient,Well Developed,Proficient,Proficient,Proficient,2018-03-01T00:00:00.000,3.2,3.21,0.512,0.488,0.017,0.209,0.045,Staten Island,2017-18,65703.0,3992.0,4527.0,4747.0,4793.0,4783.0,4875.0,4884.0,4714.0,4558.0,4579.0,5166.0,5180.0,4439.0,4466.0,31738.0,0.483,33959.0,0.517,6348.0,0.097,8893.0,0.135,18976.0,0.289,941.0,0.014,310.0,0.005,30026.0,0.457,209.0,0.003,17438.0,0.265,4093.0,0.062,38787.0,0.59,0.533
31R460,Susan E. Wagner High School,High School,3434,0.75,0.65,0.69,0.6,0.8,0.74,Proficient,Proficient,Proficient,Well Developed,Proficient,Well Developed,Well Developed,Proficient,Proficient,Proficient,2018-04-01T00:00:00.000,3.19,3.05,0.5,0.5,0.031,0.22,0.072,Staten Island,2017-18,65703.0,3992.0,4527.0,4747.0,4793.0,4783.0,4875.0,4884.0,4714.0,4558.0,4579.0,5166.0,5180.0,4439.0,4466.0,31738.0,0.483,33959.0,0.517,6348.0,0.097,8893.0,0.135,18976.0,0.289,941.0,0.014,310.0,0.005,30026.0,0.457,209.0,0.003,17438.0,0.265,4093.0,0.062,38787.0,0.59,0.533
31R600,Ralph R. McKee Career and Technical Education High,High School,830,0.73,0.79,0.63,0.82,0.89,0.83,Proficient,Developing,Developing,Proficient,Proficient,Well Developed,Proficient,Proficient,Proficient,Proficient,2017-02-01T00:00:00.000,2.68,2.48,0.217,0.783,0.052,0.333,0.088,Staten Island,2016-17,65924.0,4141.0,4620.0,4798.0,4786.0,4877.0,4887.0,4772.0,4552.0,4590.0,4741.0,5389.0,5029.0,4425.0,4317.0,31689.0,0.481,34235.0,0.519,5832.0,0.088,9044.0,0.137,18830.0,0.286,882.0,0.013,294.0,0.004,30822.0,0.468,220.0,0.003,17069.0,0.259,3816.0,0.058,36800.0,0.558,0.436
31R605,Staten Island Technical High School,High School,1335,0.87,0.87,0.85,0.88,0.83,0.92,Well Developed,Proficient,Well Developed,Well Developed,Well Developed,No Data,No Data,No Data,No Data,No Data,2015-01-22T00:00:00.000,4.09,4.31,0.439,0.561,0.0,0.014,0.0,Staten Island,2014-15,,,,,,,,,,,,,,,,,,,,,,,,,,,,,,,,,,,,,,,,
32K168,The Brooklyn School for Math and Research,High School,304,0.63,0.76,0.63,0.81,0.86,0.83,Well Developed,Proficient,Proficient,Well Developed,Proficient,Well Developed,Well Developed,Well Developed,Proficient,Proficient,2019-04-01T00:00:00.000,2.77,2.86,0.434,0.566,0.105,0.207,0.0,Brooklyn,2018-19,339985.0,24104.0,24074.0,25562.0,25159.0,25060.0,25561.0,25307.0,25044.0,23912.0,23663.0,25112.0,24739.0,20476.0,22212.0,164322.0,0.483,175662.0,0.517,56134.0,0.165,119917.0,0.353,94884.0,0.279,3651.0,0.011,2787.0,0.008,61262.0,0.18,1350.0,0.004,68086.0,0.2,42678.0,0.126,255263.0,0.751,0.728
32K403,Academy for Excellence in Leadership,High School,289,0.75,0.81,0.71,0.8,0.88,0.88,Proficient,Proficient,Proficient,Well Developed,Well Developed,Proficient,Proficient,Proficient,Proficient,Proficient,2017-03-01T00:00:00.000,2.35,2.15,0.464,0.536,0.512,0.163,0.0,Brooklyn,2016-17,344408.0,24126.0,25680.0,26405.0,26928.0,26474.0,25928.0,24746.0,24154.0,23291.0,22933.0,25423.0,25203.0,21052.0,22065.0,166334.0,0.483,178072.0,0.517,54910.0,0.159,127475.0,0.37,95690.0,0.278,2884.0,0.008,2630.0,0.008,59440.0,0.173,1379.0,0.004,66309.0,0.193,44335.0,0.129,244956.0,0.711,0.632
32K545,EBC High School for Public Service - Bushwick,High School,461,0.7,0.79,0.71,0.8,0.77,0.84,Proficient,Proficient,Proficient,Proficient,Proficient,Proficient,Proficient,Proficient,Proficient,Proficient,2017-03-01T00:00:00.000,2.52,2.25,0.49,0.51,0.158,0.245,0.002,Brooklyn,2016-17,344408.0,24126.0,25680.0,26405.0,26928.0,26474.0,25928.0,24746.0,24154.0,23291.0,22933.0,25423.0,25203.0,21052.0,22065.0,166334.0,0.483,178072.0,0.517,54910.0,0.159,127475.0,0.37,95690.0,0.278,2884.0,0.008,2630.0,0.008,59440.0,0.173,1379.0,0.004,66309.0,0.193,44335.0,0.129,244956.0,0.711,0.632
32K549,The Brooklyn School for Social Justice,High School,333,0.69,0.79,0.65,0.77,0.94,0.86,Proficient,Proficient,Proficient,Well Developed,Proficient,Proficient,Proficient,Proficient,Developing,Developing,2018-03-01T00:00:00.000,2.41,2.17,0.498,0.502,0.378,0.207,0.0,Brooklyn,2017-18,342622.0,23277.0,25578.0,25928.0,25812.0,26253.0,25851.0,25690.0,24166.0,23883.0,23168.0,25220.0,24751.0,20692.0,22353.0,165532.0,0.483,177070.0,0.517,55732.0,0.163,123782.0,0.361,95225.0,0.278,3238.0,0.009,2760.0,0.008,60569.0,0.177,1316.0,0.004,67444.0,0.197,44390.0,0.13,261947.0,0.765,0.737
32K552,The Academy of Urban Planning and Engineering,High School,287,0.84,0.98,0.77,0.96,0.94,0.94,Proficient,Proficient,Proficient,Proficient,Proficient,Proficient,Proficient,Proficient,Proficient,Proficient,2018-03-01T00:00:00.000,2.55,2.33,0.411,0.589,0.261,0.237,0.01,Brooklyn,2017-18,342622.0,23277.0,25578.0,25928.0,25812.0,26253.0,25851.0,25690.0,24166.0,23883.0,23168.0,25220.0,24751.0,20692.0,22353.0,165532.0,0.483,177070.0,0.517,55732.0,0.163,123782.0,0.361,95225.0,0.278,3238.0,0.009,2760.0,0.008,60569.0,0.177,1316.0,0.004,67444.0,0.197,44390.0,0.13,261947.0,0.765,0.737
32K554,All City Leadership Secondary School,High School,253,0.93,0.97,0.93,0.99,0.98,0.98,Proficient,Well Developed,Well Developed,Well Developed,Well Developed,No Data,No Data,No Data,No Data,No Data,2015-04-21T00:00:00.000,3.5,3.67,0.534,0.466,0.036,0.17,0.071,Brooklyn,2014-15,,,,,,,,,,,,,,,,,,,,,,,,,,,,,,,,,,,,,,,,
32K556,Bushwick Leaders High School for Academic Excellen,High School,339,0.6,0.67,0.68,0.72,0.88,0.86,Proficient,Proficient,Developing,Proficient,Proficient,Well Developed,Well Developed,Proficient,Proficient,Proficient,2018-02-01T00:00:00.000,2.43,2.25,0.51,0.49,0.265,0.251,0.006,Brooklyn,2017-18,342622.0,23277.0,25578.0,25928.0,25812.0,26253.0,25851.0,25690.0,24166.0,23883.0,23168.0,25220.0,24751.0,20692.0,22353.0,165532.0,0.483,177070.0,0.517,55732.0,0.163,123782.0,0.361,95225.0,0.278,3238.0,0.009,2760.0,0.008,60569.0,0.177,1316.0,0.004,67444.0,0.197,44390.0,0.13,261947.0,0.765,0.737
